Image,Label
g,flatfish
g,leopard
g,tulip
g,orchid
g,camel
g,raccoon
g,bed
g,lamp
g,keyboard
g,butterfly
g,bus
g,chimpanzee
g,motorcycle
g,wolf
g,turtle
g,motorcycle
g,bee
g,bus
g,skunk
g,tulip
g,lamp
g,orange
g,tulip
g,tulip
g,baby
g,clock
g,keyboard
g,tulip
g,streetcar
g,raccoon
g,bridge
g,pickup_truck
g,beetle
g,bee
g,lobster
g,baby
g,leopard
g,tulip
g,can
g,bee
g,sunflower
g,tulip
g,chimpanzee
g,tulip
g,motorcycle
g,tulip
g,lobster
g,crab
g,woman
g,chimpanzee
g,orchid
g,tiger
g,motorcycle
g,pear
g,bus
g,boy
g,mushroom
g,boy
g,pickup_truck
g,skunk
g,dinosaur
g,rabbit
g,aquarium_fish
g,orange
g,bus
g,lobster
g,motorcycle
g,sweet_pepper
g,lobster
g,keyboard
g,television
g,lion
g,bus
g,sunflower
g,tulip
g,pickup_truck
g,tulip
g,lobster
g,hamster
g,lobster
g,mushroom
g,snail
g,lobster
g,butterfly
g,squirrel
g,butterfly
g,snake
g,baby
g,cockroach
g,skunk
g,snail
g,sweet_pepper
g,lobster
g,tulip
g,bicycle
g,skunk
g,keyboard
g,table
g,woman
g,motorcycle
g,chimpanzee
g,leopard
g,mushroom
g,chimpanzee
g,orchid
g,lizard
g,leopard
g,fox
g,raccoon
g,chimpanzee
g,lobster
g,motorcycle
g,aquarium_fish
g,fox
g,snail
g,woman
g,bus
g,aquarium_fish
g,butterfly
g,television
g,bowl
g,pickup_truck
g,squirrel
g,bus
g,possum
g,chimpanzee
g,bee
g,baby
g,elephant
g,sweet_pepper
g,tulip
g,palm_tree
g,tulip
g,raccoon
g,woman
g,beaver
g,raccoon
g,skunk
g,bus
g,orchid
g,bus
g,motorcycle
g,lawn_mower
g,clock
g,lawn_mower
g,man
g,television
g,lobster
g,snail
g,bus
g,chair
g,lizard
g,otter
g,pickup_truck
g,tulip
g,house
g,dinosaur
g,sunflower
g,motorcycle
g,lawn_mower
g,shrew
g,lobster
g,keyboard
g,butterfly
g,spider
g,lamp
g,tulip
g,girl
g,plate
g,motorcycle
g,butterfly
g,spider
g,sunflower
g,orchid
g,aquarium_fish
g,bridge
g,otter
g,baby
g,tiger
g,dinosaur
g,wolf
g,fox
g,mouse
g,streetcar
g,bridge
g,poppy
g,turtle
g,keyboard
g,motorcycle
g,motorcycle
g,pickup_truck
g,aquarium_fish
g,bee
g,snail
g,bottle
g,beetle
g,rose
g,mouse
g,beetle
g,can
g,bee
g,chimpanzee
g,train
g,aquarium_fish
g,clock
g,orchid
g,tulip
g,tulip
g,possum
g,bus
g,butterfly
g,man
g,lizard
g,beetle
g,lizard
g,wolf
g,man
g,sweet_pepper
g,pickup_truck
g,snake
g,chimpanzee
g,orchid
g,kangaroo
g,raccoon
g,orange
g,tulip
g,sunflower
g,clock
g,squirrel
g,streetcar
g,streetcar
g,orange
g,clock
g,porcupine
g,cup
g,tiger
g,sunflower
g,poppy
g,willow_tree
g,oak_tree
g,bed
g,bus
g,camel
g,lizard
g,skunk
g,kangaroo
g,motorcycle
g,lobster
g,chimpanzee
g,kangaroo
g,chimpanzee
g,raccoon
g,lobster
g,poppy
g,lizard
g,wolf
g,poppy
g,lawn_mower
g,crab
g,keyboard
g,snake
g,chimpanzee
g,orchid
g,lobster
g,television
g,tank
g,snake
g,motorcycle
g,kangaroo
g,boy
g,crab
g,aquarium_fish
g,motorcycle
g,snake
g,otter
g,tulip
g,chimpanzee
g,keyboard
g,crab
g,mushroom
g,wolf
g,leopard
g,sweet_pepper
g,butterfly
g,sunflower
g,tiger
g,lion
g,poppy
g,tiger
g,porcupine
g,tulip
g,skunk
g,bus
g,tulip
g,orchid
g,bee
g,lizard
g,motorcycle
g,boy
g,orange
g,shrew
g,crab
g,sunflower
g,woman
g,poppy
g,tulip
g,lawn_mower
g,skunk
g,shrew
g,chimpanzee
g,can
g,tulip
g,bear
g,caterpillar
g,lawn_mower
g,chimpanzee
g,bed
g,tulip
g,tulip
g,motorcycle
g,man
g,clock
g,clock
g,shrew
g,tiger
g,aquarium_fish
g,motorcycle
g,lobster
g,clock
g,chair
g,bee
g,lamp
g,girl
g,poppy
g,can
g,caterpillar
g,bus
g,bottle
g,snail
g,woman
g,keyboard
g,tulip
g,skunk
g,chimpanzee
g,pickup_truck
g,sunflower
g,woman
g,motorcycle
g,tractor
g,rabbit
g,boy
g,shrew
g,lawn_mower
g,beetle
g,poppy
g,motorcycle
g,chimpanzee
g,lobster
g,bus
g,lamp
g,baby
g,man
g,mushroom
g,beetle
g,tulip
g,boy
g,butterfly
g,woman
g,sunflower
g,crab
g,lobster
g,man
g,boy
g,bus
g,lamp
g,poppy
g,chimpanzee
g,chimpanzee
g,flatfish
g,keyboard
g,man
g,camel
g,man
g,orange
g,clock
g,hamster
g,tulip
g,poppy
g,tiger
g,mushroom
g,motorcycle
g,snail
g,snail
g,rose
g,bus
g,dinosaur
g,bowl
g,clock
g,man
g,bee
g,butterfly
g,bee
g,chimpanzee
g,palm_tree
g,tulip
g,hamster
g,bus
g,television
g,aquarium_fish
g,chair
g,sunflower
g,pickup_truck
g,lobster
g,orchid
g,keyboard
g,palm_tree
g,lizard
g,bridge
g,tulip
g,bed
g,crocodile
g,lawn_mower
g,chimpanzee
g,lawn_mower
g,chimpanzee
g,dinosaur
g,chair
g,bus
g,orchid
g,chimpanzee
g,sunflower
g,caterpillar
g,sunflower
g,orchid
g,butterfly
g,chimpanzee
g,streetcar
g,television
g,man
g,otter
g,motorcycle
g,bee
g,lobster
g,chimpanzee
g,motorcycle
g,wolf
g,lamp
g,chimpanzee
g,keyboard
g,baby
g,crocodile
g,can
g,snail
g,aquarium_fish
g,bee
g,skunk
g,possum
g,streetcar
g,tulip
g,beetle
g,cattle
g,orchid
g,crocodile
g,mushroom
g,lawn_mower
g,bed
g,sweet_pepper
g,pickup_truck
g,television
g,bridge
g,lawn_mower
g,chimpanzee
g,skunk
g,lamp
g,baby
g,shrew
g,poppy
g,chimpanzee
g,beetle
g,pickup_truck
g,cockroach
g,motorcycle
g,raccoon
g,raccoon
g,sunflower
g,bear
g,clock
g,camel
g,chimpanzee
g,chair
g,beetle
g,chimpanzee
g,bus
g,table
g,pickup_truck
g,butterfly
g,pickup_truck
g,orange
g,man
g,tulip
g,tulip
g,cup
g,skunk
g,sweet_pepper
g,raccoon
g,beaver
g,bed
g,lamp
g,man
g,chimpanzee
g,aquarium_fish
g,caterpillar
g,clock
g,raccoon
g,plate
g,lobster
g,skunk
g,train
g,bridge
g,woman
g,butterfly
g,woman
g,tulip
g,maple_tree
g,butterfly
g,poppy
g,orange
g,pine_tree
g,cattle
g,cattle
g,lion
g,cup
g,bee
g,raccoon
g,clock
g,tulip
g,girl
g,streetcar
g,tiger
g,snail
g,lawn_mower
g,seal
g,palm_tree
g,lobster
g,shrew
g,streetcar
g,baby
g,lamp
g,tiger
g,bus
g,oak_tree
g,butterfly
g,aquarium_fish
g,bottle
g,lobster
g,chimpanzee
g,lizard
g,squirrel
g,cockroach
g,streetcar
g,beaver
g,oak_tree
g,snail
g,girl
g,wolf
g,palm_tree
g,tiger
g,possum
g,rose
g,tulip
g,tulip
g,keyboard
g,tiger
g,pine_tree
g,bowl
g,sunflower
g,motorcycle
g,orchid
g,pear
g,streetcar
g,raccoon
g,keyboard
g,rabbit
g,beaver
g,poppy
g,orchid
g,orange
g,streetcar
g,raccoon
g,poppy
g,caterpillar
g,kangaroo
g,rose
g,motorcycle
g,lizard
g,pine_tree
g,butterfly
g,girl
g,lawn_mower
g,cattle
g,wolf
g,bed
g,crab
g,pickup_truck
g,orange
g,skunk
g,chimpanzee
g,motorcycle
g,man
g,beetle
g,raccoon
g,table
g,snake
g,lobster
g,girl
g,dinosaur
g,rose
g,butterfly
g,maple_tree
g,tractor
g,streetcar
g,television
g,skunk
g,otter
g,butterfly
g,motorcycle
g,poppy
g,bear
g,snake
g,lamp
g,mushroom
g,orange
g,butterfly
g,baby
g,snake
g,boy
g,orange
g,bus
g,poppy
g,poppy
g,lobster
g,tractor
g,tulip
g,man
g,motorcycle
g,porcupine
g,chair
g,bridge
g,chair
g,orange
g,butterfly
g,man
g,table
g,shrew
g,shrew
g,porcupine
g,orange
g,beaver
g,apple
g,tiger
g,caterpillar
g,pickup_truck
g,motorcycle
g,television
g,girl
g,bed
g,orange
g,tractor
g,camel
g,sweet_pepper
g,beaver
g,sweet_pepper
g,streetcar
g,chimpanzee
g,tulip
g,television
g,shrew
g,chimpanzee
g,tulip
g,girl
g,lobster
g,sunflower
g,turtle
g,beetle
g,sunflower
g,bridge
g,motorcycle
g,train
g,snail
g,shrew
g,possum
g,snail
g,bus
g,tulip
g,chimpanzee
g,elephant
g,skunk
g,bed
g,sunflower
g,palm_tree
g,tulip
g,tiger
g,bus
g,forest
g,butterfly
g,baby
g,orange
g,aquarium_fish
g,raccoon
g,maple_tree
g,oak_tree
g,snail
g,tulip
g,man
g,beetle
g,tiger
g,lamp
g,sunflower
g,butterfly
g,crab
g,telephone
g,poppy
g,beaver
g,snail
g,lawn_mower
g,flatfish
g,orange
g,beetle
g,pickup_truck
g,keyboard
g,squirrel
g,skunk
g,tulip
g,tulip
g,raccoon
g,lobster
g,turtle
g,fox
g,snail
g,train
g,caterpillar
g,crab
g,keyboard
g,motorcycle
g,mushroom
g,beaver
g,fox
g,pickup_truck
g,poppy
g,bear
g,orchid
g,lobster
g,rose
g,orange
g,snail
g,tiger
g,motorcycle
g,rose
g,telephone
g,tulip
g,bus
g,chimpanzee
g,caterpillar
g,bee
g,squirrel
g,bear
g,keyboard
g,girl
g,bus
g,tractor
g,woman
g,beetle
g,baby
g,chimpanzee
g,tractor
g,girl
g,bed
g,bowl
g,table
g,fox
g,keyboard
g,aquarium_fish
g,train
g,snake
g,tiger
g,bus
g,skyscraper
g,motorcycle
g,tiger
g,bus
g,keyboard
g,forest
g,man
g,keyboard
g,skyscraper
g,lizard
g,clock
g,orchid
g,snake
g,raccoon
g,chimpanzee
g,boy
g,television
g,mushroom
g,poppy
g,man
g,whale
g,lobster
g,motorcycle
g,aquarium_fish
g,woman
g,girl
g,can
g,rose
g,whale
g,bee
g,squirrel
g,cockroach
g,snail
g,bed
g,beetle
g,orchid
g,pear
g,pickup_truck
g,aquarium_fish
g,porcupine
g,baby
g,lobster
g,tulip
g,snake
g,porcupine
g,streetcar
g,orange
g,chimpanzee
g,bridge
g,poppy
g,snake
g,porcupine
g,tulip
g,beetle
g,girl
g,fox
g,clock
g,crab
g,clock
g,lobster
g,whale
g,snail
g,snake
g,bridge
g,man
g,sunflower
g,motorcycle
g,squirrel
g,sunflower
g,raccoon
g,lobster
g,shrew
g,tulip
g,chimpanzee
g,lawn_mower
g,lobster
g,television
g,lobster
g,streetcar
g,keyboard
g,mushroom
g,bus
g,bee
g,wolf
g,poppy
g,worm
g,poppy
g,bee
g,porcupine
g,bear
g,girl
g,snail
g,streetcar
g,poppy
g,chimpanzee
g,keyboard
g,snail
g,aquarium_fish
g,boy
g,girl
g,plate
g,chimpanzee
g,tiger
g,man
g,pickup_truck
g,butterfly
g,worm
g,leopard
g,bed
g,chimpanzee
g,television
g,television
g,poppy
g,bus
g,chimpanzee
g,chimpanzee
g,girl
g,shrew
g,bed
g,shrew
g,bear
g,sunflower
g,crocodile
g,motorcycle
g,poppy
g,tulip
g,seal
g,beaver
g,beetle
g,otter
g,leopard
g,television
g,woman
g,skunk
g,camel
g,motorcycle
g,sunflower
g,lobster
g,chimpanzee
g,elephant
g,mushroom
g,bus
g,bus
g,cockroach
g,table
g,bed
g,chimpanzee
g,keyboard
g,bee
g,girl
g,beaver
g,skunk
g,chimpanzee
g,aquarium_fish
g,snail
g,tulip
g,bee
g,streetcar
g,lamp
g,tractor
g,boy
g,rabbit
g,skunk
g,skunk
g,beaver
g,skunk
g,aquarium_fish
g,house
g,palm_tree
g,can
g,girl
g,bear
g,raccoon
g,worm
g,bowl
g,snake
g,pear
g,motorcycle
g,bus
g,chimpanzee
g,seal
g,cattle
g,sweet_pepper
g,bus
g,oak_tree
g,palm_tree
g,shrew
g,boy
g,streetcar
g,motorcycle
g,tulip
g,poppy
g,raccoon
g,caterpillar
g,squirrel
g,pear
g,streetcar
g,skyscraper
g,telephone
g,beaver
g,shrew
g,butterfly
g,bed
g,squirrel
g,maple_tree
g,tulip
g,flatfish
g,house
g,streetcar
g,lawn_mower
g,pear
g,mushroom
g,palm_tree
g,poppy
g,snail
g,rose
g,willow_tree
g,squirrel
g,camel
g,lamp
g,train
g,whale
g,sweet_pepper
g,man
g,man
g,bowl
g,couch
g,snail
g,bed
g,skunk
g,tulip
g,tulip
g,poppy
g,seal
g,snail
g,lawn_mower
g,lizard
g,mushroom
g,bridge
g,mushroom
g,rose
g,bowl
g,bowl
g,tulip
g,bee
g,tulip
g,sunflower
g,pickup_truck
g,butterfly
g,snail
g,aquarium_fish
g,train
g,rabbit
g,beaver
g,skunk
g,skunk
g,raccoon
g,chimpanzee
g,girl
g,bowl
g,streetcar
g,sweet_pepper
g,skunk
g,rose
g,crab
g,elephant
g,pickup_truck
g,tiger
g,sunflower
g,bus
g,tiger
g,bee
g,bus
g,camel
g,girl
g,kangaroo
g,bear
g,bed
g,hamster
g,tiger
g,forest
g,aquarium_fish
g,raccoon
g,lawn_mower
g,lobster
g,chimpanzee
g,rose
g,man
g,baby
g,skunk
g,trout
g,tulip
g,chimpanzee
g,leopard
g,tiger
g,motorcycle
g,palm_tree
g,television
g,chimpanzee
g,snake
g,butterfly
g,rabbit
g,butterfly
g,raccoon
g,aquarium_fish
g,sunflower
g,beaver
g,television
g,lobster
g,streetcar
g,clock
g,sunflower
g,poppy
g,tulip
g,shrew
g,crab
g,wolf
g,crocodile
g,lizard
g,elephant
g,sweet_pepper
g,lion
g,castle
g,boy
g,bus
g,snake
g,woman
g,sunflower
g,tulip
g,skunk
g,bus
g,snake
g,streetcar
g,pickup_truck
g,tractor
g,sunflower
g,orange
g,streetcar
g,lobster
g,orange
g,mushroom
g,boy
g,palm_tree
g,rose
g,seal
g,tiger
g,bear
g,streetcar
g,television
g,bed
g,lamp
g,orchid
g,bus
g,motorcycle
g,seal
g,forest
g,crocodile
g,bus
g,keyboard
g,chimpanzee
g,shrew
g,bus
g,pickup_truck
g,chimpanzee
g,camel
g,lawn_mower
g,bridge
g,butterfly
g,elephant
g,butterfly
g,keyboard
g,shrew
g,bus
g,dinosaur
g,skunk
g,shrew
g,beaver
g,tulip
g,plate
g,dinosaur
g,wolf
g,chimpanzee
g,lawn_mower
g,poppy
g,camel
g,turtle
g,boy
g,chair
g,pine_tree
g,kangaroo
g,girl
g,telephone
g,streetcar
g,woman
g,baby
g,beetle
g,raccoon
g,forest
g,sunflower
g,poppy
g,can
g,willow_tree
g,girl
g,bus
g,train
g,tulip
g,bicycle
g,willow_tree
g,pickup_truck
g,bowl
g,leopard
g,telephone
g,raccoon
g,lobster
g,sunflower
g,chimpanzee
g,rose
g,shrew
g,plate
g,lobster
g,keyboard
g,tulip
g,woman
g,streetcar
g,bus
g,tulip
g,whale
g,streetcar
g,man
g,mushroom
g,motorcycle
g,chimpanzee
g,porcupine
g,ray
g,beetle
g,forest
g,television
g,lobster
g,keyboard
g,motorcycle
g,shrew
g,tulip
g,lawn_mower
g,butterfly
g,skunk
g,bee
g,willow_tree
g,aquarium_fish
g,lobster
g,sweet_pepper
g,man
g,lion
g,lion
g,bowl
g,pear
g,elephant
g,rose
g,shrew
g,keyboard
g,leopard
g,tulip
g,tulip
g,sweet_pepper
g,train
g,bear
g,tulip
g,chimpanzee
g,kangaroo
g,streetcar
g,poppy
g,pickup_truck
g,leopard
g,chimpanzee
g,raccoon
g,cup
g,crab
g,cockroach
g,tulip
g,girl
g,caterpillar
g,bee
g,woman
g,beetle
g,snake
g,worm
g,motorcycle
g,wolf
g,girl
g,cockroach
g,lizard
g,lobster
g,aquarium_fish
g,motorcycle
g,television
g,lizard
g,television
g,chimpanzee
g,pickup_truck
g,bee
g,maple_tree
g,bus
g,camel
g,bus
g,worm
g,chimpanzee
g,caterpillar
g,tulip
g,sweet_pepper
g,tulip
g,beetle
g,aquarium_fish
g,pickup_truck
g,sunflower
g,chimpanzee
g,aquarium_fish
g,oak_tree
g,keyboard
g,chair
g,streetcar
g,bed
g,leopard
g,woman
g,orchid
g,orange
g,mouse
g,tulip
g,bus
g,possum
g,elephant
g,bottle
g,tulip
g,snake
g,train
g,dinosaur
g,sweet_pepper
g,mouse
g,bed
g,can
g,worm
g,possum
g,cockroach
g,snake
g,train
g,lamp
g,butterfly
g,oak_tree
g,skyscraper
g,chimpanzee
g,palm_tree
g,bee
g,bee
g,television
g,sunflower
g,leopard
g,tiger
g,lobster
g,rabbit
g,elephant
g,chair
g,can
g,shrew
g,lizard
g,pine_tree
g,tulip
g,streetcar
g,camel
g,snail
g,kangaroo
g,sunflower
g,lion
g,bus
g,seal
g,fox
g,possum
g,rose
g,aquarium_fish
g,television
g,pickup_truck
g,motorcycle
g,tulip
g,bus
g,cattle
g,keyboard
g,rocket
g,television
g,man
g,woman
g,leopard
g,tulip
g,woman
g,porcupine
g,palm_tree
g,bus
g,chimpanzee
g,snail
g,shrew
g,boy
g,pine_tree
g,possum
g,willow_tree
g,crab
g,motorcycle
g,lobster
g,poppy
g,porcupine
g,raccoon
g,tiger
g,sunflower
g,cattle
g,pickup_truck
g,aquarium_fish
g,man
g,tiger
g,orange
g,house
g,flatfish
g,tiger
g,mushroom
g,plate
g,otter
g,snail
g,motorcycle
g,girl
g,keyboard
g,trout
g,beaver
g,sunflower
g,tulip
g,table
g,tiger
g,pickup_truck
g,streetcar
g,squirrel
g,possum
g,otter
g,bear
g,boy
g,tulip
g,lion
g,mushroom
g,pickup_truck
g,porcupine
g,bus
g,shrew
g,seal
g,aquarium_fish
g,palm_tree
g,streetcar
g,squirrel
g,kangaroo
g,clock
g,bus
g,television
g,bus
g,telephone
g,motorcycle
g,lizard
g,wolf
g,wolf
g,shrew
g,tractor
g,tulip
g,flatfish
g,tulip
g,man
g,sweet_pepper
g,caterpillar
g,chair
g,mushroom
g,pickup_truck
g,girl
g,caterpillar
g,squirrel
g,motorcycle
g,ray
g,beetle
g,shrew
g,lobster
g,wolf
g,rose
g,camel
g,woman
g,cattle
g,bus
g,bottle
g,beetle
g,orchid
g,kangaroo
g,sunflower
g,boy
g,forest
g,dinosaur
g,tiger
g,butterfly
g,camel
g,motorcycle
g,maple_tree
g,pickup_truck
g,snail
g,rabbit
g,wardrobe
g,maple_tree
g,chimpanzee
g,rose
g,shrew
g,woman
g,raccoon
g,girl
g,beetle
g,tulip
g,lizard
g,motorcycle
g,camel
g,orange
g,rabbit
g,television
g,butterfly
g,bed
g,pickup_truck
g,otter
g,caterpillar
g,aquarium_fish
g,sunflower
g,tiger
g,streetcar
g,skunk
g,butterfly
g,lobster
g,tiger
g,chimpanzee
g,motorcycle
g,bus
g,tulip
g,baby
g,rose
g,pickup_truck
g,shrew
g,shrew
g,tiger
g,television
g,motorcycle
g,man
g,bottle
g,possum
g,elephant
g,forest
g,aquarium_fish
g,streetcar
g,table
g,poppy
g,shrew
g,snail
g,palm_tree
g,woman
g,house
g,house
g,man
g,train
g,television
g,turtle
g,sunflower
g,boy
g,sweet_pepper
g,rocket
g,snake
g,motorcycle
g,turtle
g,sweet_pepper
g,orange
g,cockroach
g,television
g,girl
g,lion
g,baby
g,pear
g,woman
g,poppy
g,lamp
g,television
g,motorcycle
g,mountain
g,motorcycle
g,bowl
g,crocodile
g,train
g,baby
g,oak_tree
g,tulip
g,chimpanzee
g,orange
g,tank
g,cup
g,bed
g,poppy
g,bottle
g,tulip
g,poppy
g,pickup_truck
g,pine_tree
g,lobster
g,train
g,snail
g,snail
g,beetle
g,spider
g,tank
g,plate
g,boy
g,lobster
g,tulip
g,maple_tree
g,bear
g,girl
g,pear
g,cattle
g,tulip
g,tiger
g,streetcar
g,bus
g,aquarium_fish
g,sweet_pepper
g,lamp
g,tiger
g,butterfly
g,chimpanzee
g,tank
g,elephant
g,pickup_truck
g,chair
g,man
g,orange
g,seal
g,wolf
g,bear
g,girl
g,bowl
g,chimpanzee
g,lamp
g,leopard
g,girl
g,lobster
g,orange
g,table
g,television
g,chimpanzee
g,dinosaur
g,wolf
g,chimpanzee
g,plate
g,pickup_truck
g,motorcycle
g,poppy
g,orange
g,leopard
g,shrew
g,bee
g,train
g,forest
g,lawn_mower
g,television
g,lobster
g,mushroom
g,lawn_mower
g,skunk
g,porcupine
g,chimpanzee
g,clock
g,bicycle
g,streetcar
g,beetle
g,leopard
g,tiger
g,bed
g,pear
g,television
g,beaver
g,pear
g,butterfly
g,television
g,orange
g,skunk
g,whale
g,skyscraper
g,tank
g,chimpanzee
g,pickup_truck
g,spider
g,bicycle
g,train
g,television
g,squirrel
g,woman
g,fox
g,bee
g,cup
g,girl
g,skunk
g,orange
g,snail
g,lizard
g,pickup_truck
g,tulip
g,cup
g,house
g,train
g,kangaroo
g,dinosaur
g,motorcycle
g,beetle
g,seal
g,pine_tree
g,rose
g,baby
g,baby
g,kangaroo
g,fox
g,chair
g,beaver
g,willow_tree
g,table
g,possum
g,girl
g,aquarium_fish
g,chimpanzee
g,woman
g,rose
g,sunflower
g,sunflower
g,bottle
g,worm
g,sweet_pepper
g,bear
g,boy
g,lawn_mower
g,butterfly
g,turtle
g,bus
g,motorcycle
g,turtle
g,forest
g,keyboard
g,woman
g,streetcar
g,chimpanzee
g,chair
g,sweet_pepper
g,aquarium_fish
g,bee
g,bear
g,sunflower
g,man
g,chair
g,table
g,woman
g,keyboard
g,bowl
g,pickup_truck
g,poppy
g,table
g,rose
g,flatfish
g,plate
g,worm
g,rabbit
g,tractor
g,bus
g,boy
g,bowl
g,possum
g,spider
g,kangaroo
g,pickup_truck
g,streetcar
g,caterpillar
g,house
g,bowl
g,chimpanzee
g,possum
g,lamp
g,crab
g,poppy
g,chimpanzee
g,maple_tree
g,bowl
g,snake
g,pickup_truck
g,tulip
g,raccoon
g,sunflower
g,man
g,maple_tree
g,porcupine
g,mushroom
g,pine_tree
g,orange
g,chimpanzee
g,sunflower
g,trout
g,chimpanzee
g,fox
g,pickup_truck
g,raccoon
g,aquarium_fish
g,house
g,crab
g,tulip
g,tiger
g,turtle
g,streetcar
g,man
g,pine_tree
g,woman
g,turtle
g,orange
g,willow_tree
g,forest
g,motorcycle
g,flatfish
g,tiger
g,cup
g,cattle
g,palm_tree
g,chimpanzee
g,beetle
g,lobster
g,woman
g,can
g,crab
g,cattle
g,keyboard
g,keyboard
g,lobster
g,raccoon
g,forest
g,plate
g,bus
g,beetle
g,bottle
g,bus
g,forest
g,raccoon
g,bear
g,worm
g,bed
g,raccoon
g,cattle
g,pickup_truck
g,tiger
g,chimpanzee
g,lizard
g,sunflower
g,boy
g,crab
g,pine_tree
g,cattle
g,pine_tree
g,sunflower
g,spider
g,chimpanzee
g,poppy
g,rose
g,wardrobe
g,lobster
g,house
g,cattle
g,aquarium_fish
g,mountain
g,maple_tree
g,chimpanzee
g,possum
g,whale
g,butterfly
g,butterfly
g,poppy
g,chimpanzee
g,bus
g,tulip
g,tulip
g,chimpanzee
g,baby
g,wolf
g,leopard
g,tulip
g,television
g,train
g,cattle
g,poppy
g,lion
g,man
g,shrew
g,oak_tree
g,sunflower
g,tractor
g,cup
g,woman
g,cup
g,porcupine
g,caterpillar
g,fox
g,chimpanzee
g,chimpanzee
g,chimpanzee
g,butterfly
g,seal
g,pine_tree
g,forest
g,plate
g,bus
g,dinosaur
g,pickup_truck
g,lamp
g,chimpanzee
g,man
g,chimpanzee
g,oak_tree
g,mushroom
g,skunk
g,possum
g,skunk
g,bus
g,television
g,sunflower
g,bed
g,keyboard
g,bee
g,bus
g,bus
g,streetcar
g,mountain
g,crocodile
g,seal
g,tractor
g,snake
g,shrew
g,pear
g,snake
g,oak_tree
g,snake
g,chimpanzee
g,butterfly
g,shrew
g,palm_tree
g,lobster
g,snail
g,chimpanzee
g,motorcycle
g,beetle
g,bus
g,beaver
g,bus
g,camel
g,chimpanzee
g,hamster
g,aquarium_fish
g,dinosaur
g,rabbit
g,can
g,orange
g,butterfly
g,bus
g,beaver
g,tulip
g,tulip
g,mushroom
g,boy
g,chimpanzee
g,girl
g,wolf
g,skunk
g,camel
g,bus
g,motorcycle
g,caterpillar
g,cattle
g,poppy
g,skunk
g,bus
g,streetcar
g,oak_tree
g,cattle
g,clock
g,leopard
g,tulip
g,bus
g,crab
g,can
g,skunk
g,bee
g,lion
g,sunflower
g,oak_tree
g,keyboard
g,lawn_mower
g,lizard
g,lizard
g,possum
g,man
g,snail
g,willow_tree
g,bus
g,seal
g,whale
g,aquarium_fish
g,rose
g,turtle
g,train
g,skunk
g,man
g,tiger
g,tulip
g,maple_tree
g,elephant
g,skunk
g,can
g,sunflower
g,pear
g,tulip
g,chimpanzee
g,bowl
g,plate
g,clock
g,butterfly
g,sunflower
g,boy
g,skunk
g,aquarium_fish
g,orange
g,palm_tree
g,chimpanzee
g,raccoon
g,squirrel
g,tulip
g,hamster
g,bus
g,rose
g,tractor
g,lobster
g,train
g,orange
g,streetcar
g,pickup_truck
g,train
g,kangaroo
g,chimpanzee
g,tiger
g,man
g,ray
g,motorcycle
g,skunk
g,dinosaur
g,poppy
g,porcupine
g,lobster
g,poppy
g,mushroom
g,baby
g,telephone
g,forest
g,bus
g,worm
g,baby
g,chimpanzee
g,can
g,bicycle
g,skunk
g,cattle
g,skunk
g,pickup_truck
g,rose
g,possum
g,butterfly
g,keyboard
g,lamp
g,camel
g,possum
g,chimpanzee
g,sunflower
g,bee
g,clock
g,poppy
g,turtle
g,chimpanzee
g,elephant
g,apple
g,aquarium_fish
g,skunk
g,train
g,camel
g,tulip
g,shrew
g,snail
g,beetle
g,woman
g,sunflower
g,chimpanzee
g,girl
g,bed
g,boy
g,chair
g,pickup_truck
g,cockroach
g,mushroom
g,tulip
g,tulip
g,cockroach
g,sunflower
g,crab
g,poppy
g,snail
g,telephone
g,leopard
g,lobster
g,willow_tree
g,shrew
g,bus
g,fox
g,bee
g,tiger
g,lizard
g,poppy
g,caterpillar
g,leopard
g,orange
g,hamster
g,aquarium_fish
g,snail
g,caterpillar
g,shrew
g,motorcycle
g,train
g,shrew
g,chair
g,keyboard
g,can
g,chimpanzee
g,bee
g,chimpanzee
g,oak_tree
g,poppy
g,bus
g,sunflower
g,mushroom
g,lobster
g,bowl
g,baby
g,maple_tree
g,trout
g,clock
g,girl
g,sea
g,oak_tree
g,chimpanzee
g,beetle
g,bottle
g,clock
g,squirrel
g,snail
g,beaver
g,tractor
g,mushroom
g,house
g,tractor
g,bed
g,seal
g,train
g,elephant
g,lobster
g,bus
g,seal
g,elephant
g,motorcycle
g,caterpillar
g,table
g,orchid
g,television
g,tractor
g,tulip
g,bed
g,beaver
g,apple
g,lion
g,lobster
g,pickup_truck
g,cup
g,willow_tree
g,snake
g,cattle
g,motorcycle
g,cup
g,chimpanzee
g,lobster
g,bed
g,pickup_truck
g,orange
g,shrew
g,snake
g,bus
g,tulip
g,chimpanzee
g,girl
g,skunk
g,rocket
g,beaver
g,chimpanzee
g,possum
g,sunflower
g,pickup_truck
g,shrew
g,orange
g,chair
g,skyscraper
g,table
g,telephone
g,possum
g,orange
g,sweet_pepper
g,hamster
g,shrew
g,sunflower
g,lobster
g,snail
g,streetcar
g,road
g,kangaroo
g,bridge
g,palm_tree
g,skyscraper
g,chimpanzee
g,rocket
g,lamp
g,caterpillar
g,beetle
g,trout
g,pickup_truck
g,bus
g,skyscraper
g,bear
g,lobster
g,cloud
g,plate
g,dinosaur
g,trout
g,cattle
g,motorcycle
g,porcupine
g,willow_tree
g,wolf
g,maple_tree
g,bicycle
g,otter
g,worm
g,lobster
g,chimpanzee
g,seal
g,butterfly
g,snake
g,bus
g,sunflower
g,caterpillar
g,orange
g,maple_tree
g,bee
g,bed
g,seal
g,skunk
g,sunflower
g,chimpanzee
g,rabbit
g,flatfish
g,pine_tree
g,tulip
g,apple
g,maple_tree
g,dolphin
g,otter
g,possum
g,seal
g,tulip
g,plate
g,girl
g,aquarium_fish
g,leopard
g,cockroach
g,porcupine
g,raccoon
g,bus
g,elephant
g,skunk
g,hamster
g,tractor
g,flatfish
g,house
g,woman
g,squirrel
g,bus
g,tiger
g,butterfly
g,dinosaur
g,rose
g,tiger
g,seal
g,lamp
g,trout
g,poppy
g,sweet_pepper
g,kangaroo
g,forest
g,tiger
g,boy
g,hamster
g,trout
g,turtle
g,bus
g,skunk
g,chimpanzee
g,porcupine
g,aquarium_fish
g,chimpanzee
g,motorcycle
g,poppy
g,raccoon
g,house
g,fox
g,lizard
g,mushroom
g,streetcar
g,house
g,bus
g,sweet_pepper
g,lawn_mower
g,seal
g,pickup_truck
g,turtle
g,dinosaur
g,pickup_truck
g,house
g,snail
g,can
g,chimpanzee
g,whale
g,beetle
g,bed
g,crocodile
g,tulip
g,snake
g,snake
g,beetle
g,wolf
g,can
g,dinosaur
g,can
g,raccoon
g,chimpanzee
g,butterfly
g,palm_tree
g,crocodile
g,chimpanzee
g,hamster
g,motorcycle
g,baby
g,possum
g,baby
g,chimpanzee
g,snail
g,bus
g,snail
g,hamster
g,raccoon
g,elephant
g,tulip
g,bus
g,snail
g,bee
g,apple
g,hamster
g,table
g,palm_tree
g,turtle
g,aquarium_fish
g,rose
g,tulip
g,house
g,chimpanzee
g,woman
g,beetle
g,chair
g,dinosaur
g,forest
g,lion
g,squirrel
g,oak_tree
g,plate
g,woman
g,palm_tree
g,couch
g,man
g,shrew
g,mouse
g,can
g,woman
g,palm_tree
g,raccoon
g,bus
g,pear
g,motorcycle
g,beetle
g,palm_tree
g,bus
g,camel
g,beetle
g,motorcycle
g,elephant
g,lawn_mower
g,tulip
g,butterfly
g,wardrobe
g,table
g,oak_tree
g,chair
g,shark
g,sunflower
g,television
g,bus
g,motorcycle
g,forest
g,lamp
g,shrew
g,man
g,beaver
g,lion
g,poppy
g,tulip
g,chimpanzee
g,palm_tree
g,forest
g,cup
g,can
g,cattle
g,chair
g,bowl
g,bed
g,streetcar
g,shrew
g,pickup_truck
g,elephant
g,train
g,television
g,chimpanzee
g,otter
g,cup
g,leopard
g,streetcar
g,lion
g,boy
g,chimpanzee
g,tulip
g,crab
g,chimpanzee
g,tulip
g,pickup_truck
g,man
g,seal
g,maple_tree
g,oak_tree
g,bridge
g,television
g,bed
g,tulip
g,beetle
g,baby
g,sunflower
g,sunflower
g,plate
g,aquarium_fish
g,bus
g,lobster
g,girl
g,chimpanzee
g,otter
g,bed
g,sunflower
g,camel
g,chimpanzee
g,streetcar
g,otter
g,fox
g,lawn_mower
g,woman
g,raccoon
g,elephant
g,tractor
g,mushroom
g,beaver
g,snake
g,clock
g,bridge
g,pine_tree
g,man
g,bottle
g,woman
g,kangaroo
g,forest
g,kangaroo
g,shrew
g,butterfly
g,bridge
g,motorcycle
g,beaver
g,shrew
g,butterfly
g,lobster
g,shrew
g,spider
g,chimpanzee
g,woman
g,tulip
g,pickup_truck
g,keyboard
g,lamp
g,shark
g,television
g,bee
g,tractor
g,lamp
g,lawn_mower
g,spider
g,road
g,chimpanzee
g,keyboard
g,streetcar
g,bus
g,girl
g,chimpanzee
g,rose
g,aquarium_fish
g,bridge
g,bear
g,beetle
g,sweet_pepper
g,tulip
g,streetcar
g,tiger
g,chimpanzee
g,chimpanzee
g,dinosaur
g,bed
g,shrew
g,otter
g,skunk
g,sweet_pepper
g,crab
g,crocodile
g,sweet_pepper
g,fox
g,aquarium_fish
g,chimpanzee
g,chair
g,lamp
g,chimpanzee
g,crab
g,motorcycle
g,snail
g,shrew
g,chimpanzee
g,beaver
g,aquarium_fish
g,tulip
g,bed
g,man
g,bear
g,baby
g,aquarium_fish
g,chimpanzee
g,porcupine
g,elephant
g,leopard
g,clock
g,elephant
g,possum
g,clock
g,cup
g,skunk
g,palm_tree
g,castle
g,sweet_pepper
g,keyboard
g,aquarium_fish
g,lawn_mower
g,pine_tree
g,beetle
g,bed
g,girl
g,apple
g,porcupine
g,snake
g,streetcar
g,leopard
g,bus
g,squirrel
g,possum
g,dolphin
g,plate
g,castle
g,tulip
g,chimpanzee
g,castle
g,possum
g,rose
g,orange
g,cattle
g,elephant
g,streetcar
g,bee
g,lamp
g,bus
g,lobster
g,lizard
g,aquarium_fish
g,skunk
g,palm_tree
g,elephant
g,motorcycle
g,beaver
g,oak_tree
g,shrew
g,train
g,otter
g,bus
g,television
g,woman
g,elephant
g,pickup_truck
g,aquarium_fish
g,tulip
g,forest
g,squirrel
g,pear
g,boy
g,chimpanzee
g,pickup_truck
g,motorcycle
g,chimpanzee
g,chimpanzee
g,can
g,lion
g,man
g,pickup_truck
g,man
g,poppy
g,rose
g,possum
g,woman
g,beetle
g,table
g,wolf
g,caterpillar
g,leopard
g,pine_tree
g,sunflower
g,bowl
g,willow_tree
g,tank
g,can
g,skyscraper
g,streetcar
g,snail
g,apple
g,butterfly
g,possum
g,train
g,leopard
g,oak_tree
g,turtle
g,tank
g,crab
g,poppy
g,boy
g,whale
g,train
g,butterfly
g,bowl
g,dinosaur
g,chair
g,apple
g,butterfly
g,seal
g,tulip
g,worm
g,elephant
g,beetle
g,streetcar
g,tiger
g,palm_tree
g,possum
g,bee
g,beaver
g,bed
g,maple_tree
g,bear
g,aquarium_fish
g,tiger
g,train
g,rocket
g,snake
g,poppy
g,lizard
g,possum
g,bear
g,chair
g,porcupine
g,chair
g,raccoon
g,sunflower
g,telephone
g,tractor
g,aquarium_fish
g,house
g,forest
g,raccoon
g,flatfish
g,beetle
g,streetcar
g,bus
g,keyboard
g,sunflower
g,chimpanzee
g,palm_tree
g,snail
g,beaver
g,streetcar
g,sunflower
g,lawn_mower
g,tulip
g,lamp
g,beetle
g,pickup_truck
g,sunflower
g,leopard
g,sunflower
g,palm_tree
g,bed
g,bus
g,wolf
g,leopard
g,orange
g,orchid
g,poppy
g,lamp
g,clock
g,shrew
g,worm
g,chimpanzee
g,tiger
g,skunk
g,table
g,television
g,can
g,lawn_mower
g,bee
g,motorcycle
g,bed
g,kangaroo
g,chair
g,orchid
g,mushroom
g,butterfly
g,cockroach
g,trout
g,streetcar
g,snail
g,leopard
g,television
g,woman
g,snail
g,streetcar
g,possum
g,beaver
g,lobster
g,elephant
g,bus
g,motorcycle
g,train
g,shark
g,bee
g,poppy
g,chimpanzee
g,skunk
g,snail
g,chimpanzee
g,worm
g,kangaroo
g,lobster
g,keyboard
g,crab
g,beaver
g,sweet_pepper
g,fox
g,oak_tree
g,rose
g,chimpanzee
g,possum
g,tiger
g,whale
g,crocodile
g,cockroach
g,willow_tree
g,palm_tree
g,bed
g,poppy
g,raccoon
g,dinosaur
g,girl
g,forest
g,pickup_truck
g,tractor
g,train
g,train
g,shrew
g,snake
g,orchid
g,bus
g,poppy
g,otter
g,cockroach
g,mouse
g,camel
g,oak_tree
g,mouse
g,keyboard
g,forest
g,streetcar
g,snail
g,trout
g,lizard
g,elephant
g,bridge
g,beetle
g,tiger
g,tulip
g,castle
g,butterfly
g,possum
g,sunflower
g,can
g,bed
g,pear
g,maple_tree
g,pickup_truck
g,beetle
g,crocodile
g,poppy
g,palm_tree
g,bus
g,chimpanzee
g,pear
g,television
g,keyboard
g,pear
g,orange
g,poppy
g,kangaroo
g,pear
g,snail
g,mouse
g,boy
g,aquarium_fish
g,aquarium_fish
g,man
g,sunflower
g,table
g,wolf
g,aquarium_fish
g,spider
g,squirrel
g,poppy
g,seal
g,bridge
g,lizard
g,lion
g,clock
g,bowl
g,chimpanzee
g,mouse
g,house
g,shrew
g,bus
g,turtle
g,rocket
g,hamster
g,woman
g,oak_tree
g,otter
g,baby
g,bus
g,bus
g,baby
g,tiger
g,possum
g,lobster
g,elephant
g,chimpanzee
g,poppy
g,leopard
g,raccoon
g,television
g,butterfly
g,beetle
g,keyboard
g,hamster
g,chair
g,apple
g,seal
g,whale
g,train
g,shrew
g,chimpanzee
g,rabbit
g,shrew
g,beaver
g,snail
g,turtle
g,television
g,kangaroo
g,lamp
g,baby
g,clock
g,poppy
g,possum
g,spider
g,bee
g,bed
g,telephone
g,streetcar
g,beetle
g,willow_tree
g,motorcycle
g,worm
g,bee
g,tulip
g,house
g,telephone
g,shrew
g,chimpanzee
g,flatfish
g,man
g,lamp
g,chimpanzee
g,shrew
g,baby
g,bee
g,whale
g,bridge
g,dinosaur
g,bowl
g,bear
g,worm
g,beetle
g,elephant
g,kangaroo
g,television
g,chimpanzee
g,chimpanzee
g,kangaroo
g,seal
g,lion
g,streetcar
g,willow_tree
g,orange
g,shrew
g,turtle
g,elephant
g,snake
g,lizard
g,motorcycle
g,rose
g,woman
g,man
g,sunflower
g,girl
g,man
g,tulip
g,chimpanzee
g,cup
g,possum
g,woman
g,palm_tree
g,raccoon
g,plate
g,seal
g,pickup_truck
g,mouse
g,leopard
g,tank
g,train
g,bed
g,squirrel
g,caterpillar
g,rabbit
g,lawn_mower
g,cattle
g,chimpanzee
g,poppy
g,bear
g,keyboard
g,hamster
g,snail
g,chimpanzee
g,tulip
g,seal
g,seal
g,chair
g,bee
g,bowl
g,pickup_truck
g,cup
g,bridge
g,squirrel
g,spider
g,rocket
g,tulip
g,sunflower
g,cattle
g,streetcar
g,poppy
g,chimpanzee
g,squirrel
g,bus
g,man
g,house
g,sweet_pepper
g,pickup_truck
g,otter
g,bottle
g,bed
g,man
g,forest
g,elephant
g,tiger
g,woman
g,palm_tree
g,oak_tree
g,shrew
g,baby
g,snail
g,chimpanzee
g,aquarium_fish
g,chimpanzee
g,bear
g,possum
g,pine_tree
g,willow_tree
g,fox
g,television
g,streetcar
g,wardrobe
g,lizard
g,kangaroo
g,chimpanzee
g,palm_tree
g,tractor
g,crab
g,motorcycle
g,lamp
g,plate
g,bed
g,butterfly
g,pickup_truck
g,pickup_truck
g,bowl
g,bus
g,bus
g,elephant
g,girl
g,wardrobe
g,sunflower
g,oak_tree
g,chimpanzee
g,maple_tree
g,baby
g,sunflower
g,cattle
g,bus
g,dinosaur
g,woman
g,rose
g,otter
g,otter
g,bed
g,sweet_pepper
g,snake
g,girl
g,flatfish
g,lion
g,kangaroo
g,streetcar
g,skunk
g,rocket
g,crocodile
g,worm
g,tulip
g,chimpanzee
g,sweet_pepper
g,streetcar
g,aquarium_fish
g,chimpanzee
g,mushroom
g,poppy
g,shrew
g,shrew
g,sweet_pepper
g,skunk
g,can
g,fox
g,mushroom
g,lobster
g,elephant
g,poppy
g,woman
g,bee
g,maple_tree
g,cloud
g,bowl
g,whale
g,sunflower
g,bottle
g,bear
g,bus
g,worm
g,caterpillar
g,bee
g,motorcycle
g,poppy
g,tiger
g,rose
g,sunflower
g,hamster
g,camel
g,sunflower
g,lion
g,poppy
g,willow_tree
g,rocket
g,crab
g,tulip
g,shrew
g,bee
g,lizard
g,tiger
g,kangaroo
g,bottle
g,pear
g,skunk
g,bowl
g,bridge
g,bear
g,forest
g,chimpanzee
g,tiger
g,bee
g,man
g,bowl
g,lizard
g,raccoon
g,raccoon
g,lobster
g,lizard
g,beetle
g,dinosaur
g,man
g,shark
g,sunflower
g,shark
g,motorcycle
g,bus
g,house
g,oak_tree
g,aquarium_fish
g,otter
g,maple_tree
g,chimpanzee
g,beaver
g,maple_tree
g,aquarium_fish
g,tulip
g,television
g,chimpanzee
g,man
g,skunk
g,tiger
g,chimpanzee
g,castle
g,butterfly
g,beetle
g,man
g,worm
g,tulip
g,train
g,willow_tree
g,train
g,tank
g,possum
g,seal
g,skunk
g,worm
g,kangaroo
g,shrew
g,crocodile
g,bus
g,bottle
g,raccoon
g,snail
g,chimpanzee
g,spider
g,sunflower
g,apple
g,tiger
g,seal
g,oak_tree
g,trout
g,bed
g,bus
g,poppy
g,train
g,bus
g,bus
g,bed
g,forest
g,bowl
g,house
g,sunflower
g,lion
g,bear
g,willow_tree
g,bus
g,couch
g,lizard
g,tiger
g,boy
g,bear
g,orchid
g,worm
g,kangaroo
g,maple_tree
g,raccoon
g,cattle
g,kangaroo
g,snail
g,streetcar
g,orchid
g,man
g,shrew
g,seal
g,beetle
g,snail
g,butterfly
g,woman
g,chimpanzee
g,streetcar
g,rose
g,palm_tree
g,orange
g,bed
g,otter
g,house
g,television
g,hamster
g,pine_tree
g,lamp
g,can
g,tulip
g,dolphin
g,aquarium_fish
g,lobster
g,leopard
g,seal
g,lion
g,orchid
g,shark
g,bee
g,bus
g,bottle
g,streetcar
g,streetcar
g,television
g,raccoon
g,otter
g,lizard
g,leopard
g,woman
g,leopard
g,palm_tree
g,bear
g,poppy
g,mushroom
g,tractor
g,chimpanzee
g,forest
g,caterpillar
g,can
g,elephant
g,elephant
g,television
g,man
g,orange
g,lobster
g,girl
g,shrew
g,palm_tree
g,tulip
g,bee
g,pine_tree
g,lobster
g,ray
g,tiger
g,lizard
g,willow_tree
g,bridge
g,bee
g,sunflower
g,skyscraper
g,sweet_pepper
g,raccoon
g,lamp
g,bed
g,lamp
g,butterfly
g,streetcar
g,can
g,mushroom
g,shrew
g,forest
g,pear
g,motorcycle
g,butterfly
g,television
g,seal
g,keyboard
g,rose
g,bus
g,chimpanzee
g,porcupine
g,leopard
g,leopard
g,lamp
g,house
g,bed
g,skunk
g,beetle
g,bear
g,bear
g,mountain
g,poppy
g,raccoon
g,seal
g,trout
g,chimpanzee
g,road
g,lobster
g,raccoon
g,shrew
g,girl
g,worm
g,snake
g,shrew
g,can
g,chimpanzee
g,bed
g,willow_tree
g,chimpanzee
g,pear
g,pickup_truck
g,bee
g,lobster
g,otter
g,snail
g,possum
g,sunflower
g,mushroom
g,kangaroo
g,beaver
g,man
g,can
g,shrew
g,beaver
g,bus
g,motorcycle
g,chimpanzee
g,keyboard
g,kangaroo
g,wolf
g,pine_tree
g,mouse
g,raccoon
g,beetle
g,motorcycle
g,caterpillar
g,bottle
g,streetcar
g,willow_tree
g,pear
g,elephant
g,mouse
g,pickup_truck
g,oak_tree
g,cockroach
g,lobster
g,bed
g,tractor
g,baby
g,elephant
g,train
g,aquarium_fish
g,girl
g,kangaroo
g,possum
g,maple_tree
g,pickup_truck
g,shrew
g,chair
g,fox
g,lamp
g,cup
g,orange
g,orchid
g,rabbit
g,bus
g,aquarium_fish
g,streetcar
g,rose
g,baby
g,lobster
g,wolf
g,beetle
g,willow_tree
g,seal
g,pine_tree
g,beetle
g,girl
g,woman
g,lizard
g,cockroach
g,man
g,poppy
g,chimpanzee
g,bed
g,leopard
g,mouse
g,plate
g,tulip
g,willow_tree
g,skunk
g,bottle
g,tank
g,palm_tree
g,boy
g,streetcar
g,tiger
g,tulip
g,keyboard
g,cup
g,dinosaur
g,chimpanzee
g,poppy
g,snail
g,motorcycle
g,butterfly
g,willow_tree
g,chimpanzee
g,tulip
g,snail
g,tractor
g,lobster
g,spider
g,chimpanzee
g,bowl
g,bus
g,butterfly
g,seal
g,dinosaur
g,pear
g,willow_tree
g,sweet_pepper
g,caterpillar
g,bear
g,beaver
g,whale
g,pine_tree
g,streetcar
g,man
g,shrew
g,snail
g,lamp
g,worm
g,television
g,pickup_truck
g,television
g,road
g,lizard
g,woman
g,bus
g,fox
g,cup
g,shrew
g,mushroom
g,elephant
g,bee
g,oak_tree
g,pickup_truck
g,snake
g,boy
g,poppy
g,streetcar
g,streetcar
g,wolf
g,sunflower
g,bus
g,shrew
g,poppy
g,bowl
g,poppy
g,willow_tree
g,porcupine
g,bed
g,house
g,forest
g,raccoon
g,pear
g,cattle
g,raccoon
g,boy
g,motorcycle
g,kangaroo
g,beetle
g,beaver
g,pine_tree
g,house
g,lawn_mower
g,streetcar
g,bed
g,woman
g,bridge
g,sweet_pepper
g,porcupine
g,bottle
g,sweet_pepper
g,woman
g,tractor
g,bus
g,tulip
g,elephant
g,crab
g,orchid
g,oak_tree
g,snail
g,chimpanzee
g,bowl
g,bowl
g,bus
g,motorcycle
g,woman
g,rabbit
g,shrew
g,crocodile
g,girl
g,chimpanzee
g,sunflower
g,wolf
g,television
g,television
g,lawn_mower
g,can
g,television
g,mushroom
g,dolphin
g,caterpillar
g,pine_tree
g,woman
g,worm
g,butterfly
g,snake
g,oak_tree
g,lamp
g,bus
g,beetle
g,bus
g,lizard
g,beetle
g,lawn_mower
g,bridge
g,beetle
g,bear
g,spider
g,television
g,man
g,pear
g,spider
g,crocodile
g,keyboard
g,bus
g,bridge
g,woman
g,bridge
g,television
g,tiger
g,sweet_pepper
g,mountain
g,forest
g,elephant
g,chimpanzee
g,poppy
g,otter
g,bus
g,pear
g,road
g,mushroom
g,motorcycle
g,bus
g,shrew
g,poppy
g,otter
g,television
g,road
g,beaver
g,orange
g,bee
g,man
g,crab
g,motorcycle
g,skunk
g,beaver
g,bowl
g,mouse
g,pine_tree
g,bowl
g,chimpanzee
g,tractor
g,motorcycle
g,sweet_pepper
g,television
g,oak_tree
g,mushroom
g,leopard
g,flatfish
g,shrew
g,whale
g,palm_tree
g,poppy
g,willow_tree
g,woman
g,television
g,palm_tree
g,crocodile
g,beetle
g,chair
g,motorcycle
g,seal
g,leopard
g,boy
g,television
g,elephant
g,hamster
g,shrew
g,keyboard
g,pickup_truck
g,bottle
g,cup
g,tractor
g,oak_tree
g,beetle
g,chimpanzee
g,tank
g,aquarium_fish
g,raccoon
g,couch
g,bear
g,worm
g,sunflower
g,worm
g,mouse
g,poppy
g,can
g,poppy
g,bridge
g,keyboard
g,bed
g,raccoon
g,plate
g,maple_tree
g,orange
g,chimpanzee
g,flatfish
g,lion
g,whale
g,keyboard
g,bridge
g,camel
g,woman
g,rabbit
g,otter
g,orange
g,keyboard
g,clock
g,sunflower
g,tractor
g,shrew
g,motorcycle
g,streetcar
g,beaver
g,bed
g,cup
g,snail
g,baby
g,butterfly
g,bowl
g,lobster
g,tulip
g,ray
g,wardrobe
g,woman
g,apple
g,camel
g,apple
g,baby
g,train
g,aquarium_fish
g,motorcycle
g,lobster
g,raccoon
g,leopard
g,aquarium_fish
g,leopard
g,bear
g,aquarium_fish
g,chimpanzee
g,beetle
g,squirrel
g,otter
g,lion
g,palm_tree
g,maple_tree
g,porcupine
g,skyscraper
g,squirrel
g,raccoon
g,bed
g,plate
g,snake
g,lamp
g,chimpanzee
g,train
g,rabbit
g,spider
g,squirrel
g,crocodile
g,clock
g,girl
g,girl
g,crab
g,poppy
g,skunk
g,whale
g,keyboard
g,crab
g,shrew
g,mushroom
g,sweet_pepper
g,camel
g,oak_tree
g,chimpanzee
g,beetle
g,shrew
g,motorcycle
g,tank
g,willow_tree
g,rabbit
g,bowl
g,tulip
g,apple
g,apple
g,kangaroo
g,kangaroo
g,bed
g,chair
g,mushroom
g,tiger
g,woman
g,lizard
g,pear
g,turtle
g,bridge
g,bridge
g,leopard
g,bed
g,whale
g,bowl
g,house
g,table
g,can
g,tank
g,chimpanzee
g,tank
g,boy
g,bus
g,shrew
g,train
g,seal
g,aquarium_fish
g,beetle
g,chimpanzee
g,chair
g,shrew
g,orange
g,leopard
g,shrew
g,forest
g,mountain
g,forest
g,skunk
g,bus
g,sweet_pepper
g,television
g,porcupine
g,turtle
g,spider
g,tulip
g,worm
g,butterfly
g,chimpanzee
g,bear
g,butterfly
g,shrew
g,train
g,chair
g,forest
g,butterfly
g,hamster
g,sweet_pepper
g,pine_tree
g,girl
g,house
g,fox
g,mouse
g,chimpanzee
g,palm_tree
g,can
g,hamster
g,whale
g,beetle
g,porcupine
g,man
g,willow_tree
g,otter
g,train
g,house
g,snail
g,lion
g,trout
g,bridge
g,shrew
g,train
g,lawn_mower
g,wolf
g,forest
g,pickup_truck
g,chimpanzee
g,chair
g,beaver
g,chimpanzee
g,tulip
g,forest
g,plate
g,lion
g,tulip
g,bus
g,raccoon
g,sunflower
g,palm_tree
g,mountain
g,chimpanzee
g,bear
g,spider
g,leopard
g,forest
g,palm_tree
g,orange
g,cockroach
g,shrew
g,bee
g,kangaroo
g,train
g,flatfish
g,tulip
g,bed
g,elephant
g,bus
g,boy
g,willow_tree
g,bed
g,bridge
g,tiger
g,sweet_pepper
g,telephone
g,bicycle
g,pine_tree
g,sweet_pepper
g,can
g,bowl
g,cockroach
g,crab
g,pear
g,bus
g,tulip
g,cockroach
g,keyboard
g,mouse
g,camel
g,lamp
g,poppy
g,tulip
g,possum
g,woman
g,pickup_truck
g,forest
g,possum
g,tulip
g,shrew
g,seal
g,willow_tree
g,pickup_truck
g,crab
g,skyscraper
g,bottle
g,snail
g,lamp
g,woman
g,maple_tree
g,butterfly
g,poppy
g,dolphin
g,lion
g,poppy
g,house
g,clock
g,wardrobe
g,motorcycle
g,squirrel
g,television
g,maple_tree
g,crab
g,telephone
g,chair
g,dolphin
g,rabbit
g,cattle
g,tractor
g,apple
g,road
g,oak_tree
g,can
g,maple_tree
g,castle
g,orange
g,skunk
g,kangaroo
g,bowl
g,skunk
g,chimpanzee
g,chimpanzee
g,bed
g,whale
g,raccoon
g,chimpanzee
g,bee
g,bus
g,forest
g,wardrobe
g,seal
g,pickup_truck
g,crab
g,dinosaur
g,shark
g,crocodile
g,tiger
g,shrew
g,skunk
g,bridge
g,chair
g,pine_tree
g,bear
g,cloud
g,boy
g,orange
g,leopard
g,bottle
g,tulip
g,bear
g,table
g,cattle
g,forest
g,man
g,motorcycle
g,wolf
g,woman
g,chimpanzee
g,skyscraper
g,elephant
g,skyscraper
g,worm
g,chimpanzee
g,wardrobe
g,beaver
g,elephant
g,palm_tree
g,orange
g,orchid
g,motorcycle
g,tulip
g,elephant
g,beaver
g,orange
g,shrew
g,chimpanzee
g,mushroom
g,bottle
g,chimpanzee
g,leopard
g,snake
g,trout
g,tractor
g,chimpanzee
g,lobster
g,dinosaur
g,pine_tree
g,man
g,snail
g,camel
g,boy
g,lion
g,crocodile
g,pear
g,raccoon
g,worm
g,table
g,bus
g,orange
g,forest
g,sunflower
g,possum
g,oak_tree
g,chimpanzee
g,sunflower
g,couch
g,butterfly
g,willow_tree
g,bus
g,lobster
g,skunk
g,motorcycle
g,chimpanzee
g,man
g,couch
g,pine_tree
g,worm
g,seal
g,television
g,castle
g,man
g,lobster
g,bee
g,beaver
g,lobster
g,aquarium_fish
g,forest
g,elephant
g,oak_tree
g,oak_tree
g,beaver
g,tank
g,porcupine
g,chimpanzee
g,wardrobe
g,streetcar
g,willow_tree
g,aquarium_fish
g,boy
g,wolf
g,oak_tree
g,leopard
g,apple
g,mushroom
g,palm_tree
g,house
g,lamp
g,possum
g,cloud
g,wolf
g,rose
g,lamp
g,poppy
g,boy
g,elephant
g,crocodile
g,pine_tree
g,woman
g,maple_tree
g,rose
g,dinosaur
g,poppy
g,train
g,orchid
g,forest
g,tulip
g,house
g,train
g,orange
g,lizard
g,elephant
g,willow_tree
g,keyboard
g,woman
g,plain
g,porcupine
g,sea
g,sunflower
g,orange
g,orange
g,maple_tree
g,seal
g,forest
g,beaver
g,bus
g,boy
g,bed
g,wolf
g,pickup_truck
g,bus
g,forest
g,poppy
g,porcupine
g,lawn_mower
g,tulip
g,otter
g,caterpillar
g,crocodile
g,skunk
g,sweet_pepper
g,train
g,cup
g,bridge
g,tractor
g,bear
g,rocket
g,tulip
g,pine_tree
g,bus
g,wolf
g,streetcar
g,forest
g,skunk
g,rocket
g,baby
g,tulip
g,orange
g,can
g,shrew
g,palm_tree
g,willow_tree
g,telephone
g,bus
g,couch
g,television
g,forest
g,snail
g,streetcar
g,tractor
g,castle
g,aquarium_fish
g,rose
g,hamster
g,chimpanzee
g,television
g,shrew
g,orange
g,oak_tree
g,can
g,bed
g,elephant
g,kangaroo
g,tulip
g,forest
g,girl
g,cloud
g,lamp
g,streetcar
g,cattle
g,orange
g,dinosaur
g,tulip
g,beetle
g,forest
g,man
g,woman
g,palm_tree
g,turtle
g,rabbit
g,mushroom
g,table
g,pine_tree
g,leopard
g,baby
g,bed
g,streetcar
g,wardrobe
g,possum
g,camel
g,crab
g,snake
g,sunflower
g,turtle
g,road
g,bee
g,shrew
g,sunflower
g,pear
g,butterfly
g,sunflower
g,tulip
g,streetcar
g,sunflower
g,can
g,wolf
g,rocket
g,snail
g,poppy
g,tractor
g,orchid
g,tulip
g,bear
g,sunflower
g,forest
g,apple
g,otter
g,chimpanzee
g,house
g,fox
g,house
g,cockroach
g,beetle
g,lizard
g,chair
g,willow_tree
g,train
g,bus
g,raccoon
g,squirrel
g,cup
g,can
g,sweet_pepper
g,shrew
g,leopard
g,raccoon
g,maple_tree
g,rose
g,chimpanzee
g,streetcar
g,skunk
g,train
g,bear
g,fox
g,bus
g,kangaroo
g,skyscraper
g,seal
g,squirrel
g,crocodile
g,chair
g,train
g,bear
g,leopard
g,poppy
g,butterfly
g,can
g,bottle
g,house
g,rocket
g,snail
g,squirrel
g,skyscraper
g,beetle
g,television
g,cloud
g,keyboard
g,flatfish
g,raccoon
g,girl
g,television
g,sweet_pepper
g,shrew
g,keyboard
g,cloud
g,palm_tree
g,tulip
g,lobster
g,dinosaur
g,squirrel
g,rocket
g,dinosaur
g,train
g,butterfly
g,tulip
g,lizard
g,cup
g,tulip
g,poppy
g,snail
g,tulip
g,hamster
g,woman
g,elephant
g,cloud
g,porcupine
g,motorcycle
g,mushroom
g,man
g,flatfish
g,shrew
g,oak_tree
g,bus
g,girl
g,butterfly
g,oak_tree
g,whale
g,dolphin
g,pear
g,keyboard
g,shrew
g,forest
g,bus
g,motorcycle
g,forest
g,snail
g,shrew
g,rabbit
g,oak_tree
g,cattle
g,chimpanzee
g,raccoon
g,pine_tree
g,cup
g,dinosaur
g,lizard
g,cattle
g,kangaroo
g,aquarium_fish
g,pine_tree
g,snail
g,house
g,sweet_pepper
g,cattle
g,aquarium_fish
g,telephone
g,cockroach
g,clock
g,spider
g,pickup_truck
g,girl
g,orange
g,house
g,road
g,lizard
g,raccoon
g,baby
g,shrew
g,caterpillar
g,fox
g,possum
g,sunflower
g,tulip
g,lobster
g,bowl
g,forest
g,lion
g,lizard
g,television
g,poppy
g,motorcycle
g,bed
g,forest
g,girl
g,shrew
g,shrew
g,chimpanzee
g,oak_tree
g,man
g,elephant
g,orange
g,orchid
g,forest
g,possum
g,woman
g,chimpanzee
g,cup
g,lamp
g,bear
g,tulip
g,pickup_truck
g,orange
g,seal
g,baby
g,sweet_pepper
g,beetle
g,crab
g,bus
g,shrew
g,bee
g,bear
g,leopard
g,ray
g,keyboard
g,forest
g,chair
g,rocket
g,bed
g,apple
g,streetcar
g,beetle
g,castle
g,chimpanzee
g,wolf
g,camel
g,spider
g,bee
g,television
g,tiger
g,elephant
g,aquarium_fish
g,chimpanzee
g,cup
g,shrew
g,bee
g,fox
g,shrew
g,pine_tree
g,tiger
g,whale
g,bus
g,baby
g,television
g,turtle
g,poppy
g,lamp
g,cup
g,pine_tree
g,house
g,willow_tree
g,possum
g,bridge
g,shrew
g,bus
g,kangaroo
g,dolphin
g,streetcar
g,raccoon
g,skunk
g,butterfly
g,cattle
g,chimpanzee
g,couch
g,girl
g,rocket
g,maple_tree
g,seal
g,fox
g,tank
g,aquarium_fish
g,shrew
g,oak_tree
g,poppy
g,tank
g,motorcycle
g,pine_tree
g,sunflower
g,tulip
g,keyboard
g,plate
g,oak_tree
g,bee
g,cattle
g,oak_tree
g,orange
g,willow_tree
g,flatfish
g,pear
g,forest
g,lobster
g,seal
g,lobster
g,sweet_pepper
g,cockroach
g,oak_tree
g,bee
g,chimpanzee
g,bee
g,pine_tree
g,squirrel
g,bed
g,shrew
g,butterfly
g,bridge
g,snail
g,willow_tree
g,worm
g,streetcar
g,lamp
g,pickup_truck
g,raccoon
g,television
g,man
g,castle
g,palm_tree
g,poppy
g,baby
g,man
g,cattle
g,sunflower
g,bridge
g,raccoon
g,plate
g,tulip
g,lobster
g,otter
g,willow_tree
g,baby
g,pickup_truck
g,tank
g,willow_tree
g,can
g,table
g,shrew
g,bear
g,forest
g,chimpanzee
g,pine_tree
g,lizard
g,worm
g,chimpanzee
g,worm
g,lizard
g,bed
g,mushroom
g,bear
g,motorcycle
g,chimpanzee
g,elephant
g,oak_tree
g,bee
g,chair
g,elephant
g,butterfly
g,television
g,bridge
g,forest
g,lion
g,chair
g,leopard
g,television
g,crocodile
g,tulip
g,skyscraper
g,forest
g,otter
g,porcupine
g,train
g,palm_tree
g,leopard
g,crab
g,apple
g,chair
g,tulip
g,flatfish
g,worm
g,pickup_truck
g,snail
g,cup
g,oak_tree
g,chair
g,crocodile
g,house
g,kangaroo
g,rocket
g,beetle
g,bed
g,woman
g,sunflower
g,oak_tree
g,whale
g,cup
g,flatfish
g,snake
g,oak_tree
g,lizard
g,bridge
g,shark
g,can
g,bee
g,mouse
g,rabbit
g,television
g,wardrobe
g,bowl
g,keyboard
g,butterfly
g,orchid
g,seal
g,lawn_mower
g,willow_tree
g,orange
g,poppy
g,skyscraper
g,otter
g,chimpanzee
g,willow_tree
g,can
g,tulip
g,cattle
g,bed
g,seal
g,pine_tree
g,boy
g,road
g,cattle
g,keyboard
g,rocket
g,rabbit
g,wardrobe
g,turtle
g,streetcar
g,shrew
g,bed
g,squirrel
g,dolphin
g,television
g,bed
g,bear
g,forest
g,can
g,skyscraper
g,pear
g,otter
g,apple
g,tractor
g,skunk
g,train
g,forest
g,lobster
g,sweet_pepper
g,chair
g,streetcar
g,palm_tree
g,tulip
g,train
g,rose
g,bee
g,sunflower
g,lizard
g,chimpanzee
g,lawn_mower
g,worm
g,beaver
g,tractor
g,whale
g,television
g,ray
g,castle
g,forest
g,lobster
g,chimpanzee
g,tractor
g,lion
g,orange
g,caterpillar
g,tractor
g,oak_tree
g,skyscraper
g,bottle
g,skunk
g,willow_tree
g,worm
g,dinosaur
g,woman
g,tank
g,bowl
g,mushroom
g,bed
g,bridge
g,mushroom
g,poppy
g,pine_tree
g,chimpanzee
g,rabbit
g,forest
g,beetle
g,otter
g,caterpillar
g,willow_tree
g,maple_tree
g,tulip
g,keyboard
g,palm_tree
g,bed
g,television
g,chimpanzee
g,bottle
g,rose
g,skyscraper
g,cup
g,bottle
g,oak_tree
g,pine_tree
g,camel
g,mushroom
g,woman
g,clock
g,sunflower
g,skunk
g,chair
g,aquarium_fish
g,wardrobe
g,maple_tree
g,woman
g,chimpanzee
g,aquarium_fish
g,lion
g,house
g,bus
g,snake
g,streetcar
g,bottle
g,cup
g,house
g,oak_tree
g,train
g,tractor
g,willow_tree
g,streetcar
g,lobster
g,keyboard
g,couch
g,willow_tree
g,lion
g,trout
g,chair
g,cup
g,raccoon
g,forest
g,shrew
g,poppy
g,rose
g,maple_tree
g,lamp
g,whale
g,seal
g,willow_tree
g,bicycle
g,bed
g,chimpanzee
g,rose
g,television
g,crab
g,bus
g,telephone
g,beaver
g,squirrel
g,orange
g,cattle
g,baby
g,chimpanzee
g,orchid
g,bridge
g,lamp
g,whale
g,bottle
g,bus
g,tulip
g,shark
g,tank
g,clock
g,chimpanzee
g,lobster
g,clock
g,bed
g,maple_tree
g,leopard
g,aquarium_fish
g,kangaroo
g,otter
g,dolphin
g,orchid
g,dinosaur
g,cup
g,caterpillar
g,beaver
g,bridge
g,motorcycle
g,pine_tree
g,oak_tree
g,elephant
g,mushroom
g,elephant
g,television
g,beaver
g,tractor
g,bed
g,lamp
g,bus
g,tulip
g,mushroom
g,chimpanzee
g,bowl
g,telephone
g,forest
g,road
g,bus
g,shrew
g,tractor
g,pine_tree
g,wolf
g,apple
g,orchid
g,fox
g,sunflower
g,spider
g,motorcycle
g,dinosaur
g,motorcycle
g,tulip
g,fox
g,lizard
g,crocodile
g,bus
g,orchid
g,cup
g,beaver
g,pine_tree
g,kangaroo
g,snail
g,man
g,television
g,poppy
g,pine_tree
g,porcupine
g,television
g,seal
g,elephant
g,poppy
g,cattle
g,otter
g,lion
g,trout
g,orange
g,shrew
g,forest
g,palm_tree
g,bottle
g,chimpanzee
g,cloud
g,shrew
g,keyboard
g,hamster
g,bridge
g,lizard
g,lawn_mower
g,orange
g,television
g,beetle
g,orchid
g,streetcar
g,plain
g,willow_tree
g,shrew
g,sweet_pepper
g,dinosaur
g,bottle
g,worm
g,castle
g,motorcycle
g,streetcar
g,camel
g,forest
g,bus
g,bridge
g,snail
g,cloud
g,beetle
g,possum
g,oak_tree
g,beaver
g,sunflower
g,cockroach
g,lion
g,poppy
g,tulip
g,motorcycle
g,flatfish
g,tiger
g,oak_tree
g,bridge
g,possum
g,train
g,bed
g,television
g,lion
g,skunk
g,tulip
g,spider
g,bus
g,lion
g,possum
g,palm_tree
g,otter
g,cattle
g,beaver
g,tulip
g,can
g,orange
g,lizard
g,chimpanzee
g,hamster
g,television
g,chimpanzee
g,lizard
g,squirrel
g,shrew
g,bottle
g,lawn_mower
g,bus
g,tulip
g,chimpanzee
g,snail
g,snake
g,chimpanzee
g,cattle
g,bus
g,maple_tree
g,pine_tree
g,rose
g,bus
g,squirrel
g,fox
g,television
g,palm_tree
g,wardrobe
g,girl
g,butterfly
g,orange
g,bus
g,mushroom
g,keyboard
g,orange
g,motorcycle
g,crocodile
g,plate
g,beaver
g,sunflower
g,boy
g,bus
g,lizard
g,spider
g,sweet_pepper
g,castle
g,clock
g,skyscraper
g,motorcycle
g,pear
g,keyboard
g,bottle
g,man
g,wardrobe
g,chair
g,cattle
g,aquarium_fish
g,bus
g,snail
g,beaver
g,spider
g,shark
g,clock
g,chimpanzee
g,sunflower
g,couch
g,chair
g,seal
g,bridge
g,raccoon
g,turtle
g,keyboard
g,sunflower
g,lion
g,seal
g,maple_tree
g,forest
g,shrew
g,otter
g,leopard
g,clock
g,forest
g,cattle
g,spider
g,tulip
g,cockroach
g,streetcar
g,bus
g,snail
g,snake
g,man
g,pear
g,chimpanzee
g,shrew
g,sunflower
g,shrew
g,shrew
g,bed
g,leopard
g,leopard
g,willow_tree
g,wardrobe
g,willow_tree
g,poppy
g,seal
g,chimpanzee
g,streetcar
g,table
g,pear
g,bus
g,television
g,sunflower
g,lizard
g,palm_tree
g,beaver
g,kangaroo
g,lobster
g,fox
g,forest
g,dolphin
g,forest
g,willow_tree
g,bed
g,orange
g,plain
g,orchid
g,bus
g,bottle
g,train
g,pear
g,pine_tree
g,keyboard
g,motorcycle
g,seal
g,otter
g,sweet_pepper
g,chimpanzee
g,pine_tree
g,whale
g,seal
g,skyscraper
g,tulip
g,caterpillar
g,tulip
g,cup
g,pickup_truck
g,bridge
g,kangaroo
g,whale
g,can
g,cockroach
g,baby
g,cloud
g,pear
g,lawn_mower
g,wardrobe
g,elephant
g,pine_tree
g,rocket
g,bottle
g,sunflower
g,man
g,rocket
g,rose
g,sunflower
g,poppy
g,tulip
g,motorcycle
g,otter
g,castle
g,lawn_mower
g,beetle
g,bridge
g,lamp
g,pine_tree
g,seal
g,bed
g,maple_tree
g,baby
g,butterfly
g,wardrobe
g,willow_tree
g,tulip
g,seal
g,bottle
g,shrew
g,rose
g,rocket
g,oak_tree
g,baby
g,crab
g,palm_tree
g,squirrel
g,sea
g,clock
g,crab
g,castle
g,cattle
g,aquarium_fish
g,lamp
g,caterpillar
g,motorcycle
g,television
g,tulip
g,lobster
g,snail
g,lizard
g,bridge
g,man
g,can
g,possum
g,cloud
g,seal
g,poppy
g,shrew
g,mouse
g,poppy
g,lobster
g,sunflower
g,bed
g,cloud
g,telephone
g,hamster
g,sunflower
g,bicycle
g,rose
g,motorcycle
g,tulip
g,butterfly
g,tractor
g,aquarium_fish
g,tank
g,bed
g,poppy
g,table
g,lawn_mower
g,snail
g,kangaroo
g,train
g,woman
g,crocodile
g,hamster
g,shrew
g,raccoon
g,hamster
g,turtle
g,sunflower
g,hamster
g,tractor
g,aquarium_fish
g,lizard
g,cup
g,mushroom
g,forest
g,skyscraper
g,train
g,bee
g,can
g,television
g,flatfish
g,forest
g,chimpanzee
g,trout
g,mushroom
g,dinosaur
g,mushroom
g,aquarium_fish
g,pickup_truck
g,clock
g,shrew
g,trout
g,tulip
g,cup
g,bus
g,snail
g,couch
g,mushroom
g,leopard
g,crocodile
g,cloud
g,beetle
g,bear
g,pear
g,mouse
g,lamp
g,elephant
g,porcupine
g,road
g,chimpanzee
g,skyscraper
g,telephone
g,bed
g,beaver
g,lion
g,willow_tree
g,poppy
g,chimpanzee
g,bus
g,chimpanzee
g,bus
g,caterpillar
g,can
g,possum
g,beetle
g,forest
g,shark
g,sweet_pepper
g,chimpanzee
g,cloud
g,beaver
g,willow_tree
g,television
g,beaver
g,bed
g,telephone
g,lobster
g,lobster
g,camel
g,bus
g,butterfly
g,shrew
g,whale
g,skyscraper
g,bed
g,beetle
g,oak_tree
g,chimpanzee
g,girl
g,television
g,maple_tree
g,elephant
g,television
g,house
g,motorcycle
g,orange
g,motorcycle
g,shrew
g,bicycle
g,skyscraper
g,lamp
g,bus
g,forest
g,maple_tree
g,lion
g,crab
g,television
g,forest
g,hamster
g,road
g,wardrobe
g,lamp
g,keyboard
g,willow_tree
g,lobster
g,palm_tree
g,butterfly
g,lamp
g,bus
g,mouse
g,turtle
g,poppy
g,telephone
g,raccoon
g,lion
g,telephone
g,bed
g,otter
g,crab
g,shrew
g,lobster
g,lizard
g,wardrobe
g,chimpanzee
g,bed
g,clock
g,sunflower
g,snake
g,snail
g,girl
g,sunflower
g,crocodile
g,orchid
g,aquarium_fish
g,motorcycle
g,mushroom
g,television
g,seal
g,skyscraper
g,chimpanzee
g,wolf
g,forest
g,cockroach
g,chimpanzee
g,poppy
g,tractor
g,house
g,chair
g,orange
g,beaver
g,chimpanzee
g,baby
g,pear
g,tulip
g,woman
g,snail
g,willow_tree
g,whale
g,motorcycle
g,lizard
g,table
g,forest
g,girl
g,streetcar
g,willow_tree
g,orange
g,skunk
g,dolphin
g,skyscraper
g,cloud
g,fox
g,bus
g,raccoon
g,bus
g,beaver
g,beaver
g,willow_tree
g,bee
g,hamster
g,worm
g,hamster
g,train
g,rose
g,chair
g,whale
g,raccoon
g,tulip
g,squirrel
g,orchid
g,oak_tree
g,turtle
g,bus
g,chimpanzee
g,seal
g,wolf
g,clock
g,wardrobe
g,wardrobe
g,forest
g,oak_tree
g,shrew
g,bee
g,woman
g,orange
g,rabbit
g,shark
g,butterfly
g,tank
g,pickup_truck
g,aquarium_fish
g,seal
g,forest
g,bear
g,shrew
g,seal
g,hamster
g,aquarium_fish
g,rocket
g,plain
g,elephant
g,lobster
g,orange
g,baby
g,oak_tree
g,girl
g,television
g,bed
g,lobster
g,kangaroo
g,chimpanzee
g,keyboard
g,lobster
g,crab
g,crocodile
g,chimpanzee
g,chair
g,house
g,dinosaur
g,possum
g,pickup_truck
g,shark
g,plate
g,bridge
g,shrew
g,rose
g,poppy
g,forest
g,tulip
g,television
g,rocket
g,tractor
g,cup
g,rose
g,skyscraper
g,bee
g,bed
g,man
g,bed
g,train
g,wolf
g,raccoon
g,keyboard
g,pine_tree
g,maple_tree
g,chimpanzee
g,skunk
g,wardrobe
g,snail
g,bus
g,lawn_mower
g,tulip
g,chimpanzee
g,cattle
g,elephant
g,hamster
g,porcupine
g,rabbit
g,pine_tree
g,orange
g,train
g,bee
g,bottle
g,tiger
g,seal
g,porcupine
g,train
g,bottle
g,beaver
g,bed
g,butterfly
g,apple
g,plain
g,mushroom
g,lobster
g,shark
g,orange
g,possum
g,lion
g,bus
g,skyscraper
g,bus
g,television
g,cattle
g,beaver
g,lobster
g,bowl
g,beetle
g,train
g,wolf
g,plain
g,tulip
g,crocodile
g,worm
g,tulip
g,keyboard
g,apple
g,worm
g,bowl
g,spider
g,bed
g,lamp
g,sunflower
g,trout
g,palm_tree
g,seal
g,beaver
g,skyscraper
g,chimpanzee
g,chair
g,oak_tree
g,train
g,woman
g,elephant
g,trout
g,train
g,chimpanzee
g,house
g,camel
g,squirrel
g,willow_tree
g,trout
g,couch
g,possum
g,bear
g,cockroach
g,wardrobe
g,shrew
g,bridge
g,forest
g,bus
g,shrew
g,tulip
g,tiger
g,elephant
g,beetle
g,shrew
g,shrew
g,orange
g,rabbit
g,orange
g,tulip
g,leopard
g,skunk
g,bee
g,porcupine
g,seal
g,chimpanzee
g,rose
g,pear
g,chimpanzee
g,porcupine
g,chimpanzee
g,chair
g,chimpanzee
g,aquarium_fish
g,plate
g,bee
g,clock
g,forest
g,beaver
g,elephant
g,man
g,television
g,turtle
g,television
g,table
g,bridge
g,bus
g,bridge
g,rocket
g,orchid
g,otter
g,can
g,mountain
g,cloud
g,woman
g,orange
g,kangaroo
g,snail
g,seal
g,squirrel
g,dinosaur
g,sweet_pepper
g,man
g,castle
g,forest
g,bed
g,pine_tree
g,road
g,shrew
g,wardrobe
g,poppy
g,beetle
g,cloud
g,porcupine
g,lizard
g,shark
g,baby
g,hamster
g,porcupine
g,snail
g,train
g,seal
g,lobster
g,beetle
g,cup
g,bridge
g,couch
g,bus
g,poppy
g,can
g,chair
g,castle
g,beetle
g,elephant
g,bus
g,keyboard
g,kangaroo
g,forest
g,apple
g,mountain
g,woman
g,orange
g,baby
g,bus
g,shrew
g,road
g,lobster
g,worm
g,palm_tree
g,tiger
g,bear
g,table
g,train
g,house
g,beaver
g,lamp
g,mushroom
g,rabbit
g,lion
g,aquarium_fish
g,kangaroo
g,shrew
g,lizard
g,trout
g,orange
g,elephant
g,train
g,lizard
g,aquarium_fish
g,girl
g,bus
g,mushroom
g,willow_tree
g,wolf
g,motorcycle
g,plate
g,spider
g,train
g,bed
g,poppy
g,sunflower
g,wardrobe
g,orange
g,turtle
g,worm
g,butterfly
g,willow_tree
g,girl
g,rabbit
g,bee
g,baby
g,pickup_truck
g,caterpillar
g,chimpanzee
g,mouse
g,orange
g,road
g,mushroom
g,bus
g,woman
g,sunflower
g,can
g,chimpanzee
g,sunflower
g,mouse
g,television
g,plate
g,cloud
g,cattle
g,beaver
g,skyscraper
g,motorcycle
g,motorcycle
g,camel
g,wardrobe
g,chair
g,bicycle
g,worm
g,willow_tree
g,tulip
g,dinosaur
g,pickup_truck
g,turtle
g,worm
g,flatfish
g,dinosaur
g,bee
g,sunflower
g,cup
g,television
g,turtle
g,forest
g,lobster
g,castle
g,man
g,plate
g,wardrobe
g,orange
g,man
g,orchid
g,television
g,sunflower
g,television
g,tulip
g,spider
g,rabbit
g,keyboard
g,whale
g,sweet_pepper
g,shark
g,wardrobe
g,keyboard
g,bus
g,forest
g,pickup_truck
g,bus
g,kangaroo
g,elephant
g,snail
g,cockroach
g,camel
g,man
g,clock
g,forest
g,skyscraper
g,snake
g,lamp
g,orange
g,sweet_pepper
g,oak_tree
g,wardrobe
g,cloud
g,lion
g,forest
g,sunflower
g,poppy
g,snail
g,chimpanzee
g,shrew
g,house
g,tank
g,castle
g,snail
g,baby
g,table
g,pine_tree
g,can
g,lion
g,streetcar
g,streetcar
g,skyscraper
g,camel
g,castle
g,streetcar
g,skyscraper
g,aquarium_fish
g,wardrobe
g,raccoon
g,bowl
g,shrew
g,lamp
g,snail
g,sunflower
g,snail
g,can
g,shrew
g,mountain
g,snail
g,shrew
g,seal
g,kangaroo
g,tractor
g,chimpanzee
g,bus
g,ray
g,television
g,sunflower
g,telephone
g,snake
g,beetle
g,cup
g,tulip
g,pickup_truck
g,crocodile
g,tiger
g,orange
g,tank
g,butterfly
g,oak_tree
g,camel
g,aquarium_fish
g,worm
g,poppy
g,keyboard
g,lobster
g,wardrobe
g,sunflower
g,beetle
g,poppy
g,poppy
g,whale
g,crab
g,cup
g,raccoon
g,streetcar
g,mushroom
g,lizard
g,tank
g,whale
g,porcupine
g,streetcar
g,cloud
g,bed
g,bridge
g,baby
g,skyscraper
g,sunflower
g,cockroach
g,elephant
g,seal
g,leopard
g,bottle
g,leopard
g,streetcar
g,porcupine
g,man
g,road
g,aquarium_fish
g,oak_tree
g,lion
g,bottle
g,chair
g,otter
g,can
g,elephant
g,hamster
g,orange
g,forest
g,trout
g,poppy
g,raccoon
g,skunk
g,crab
g,lizard
g,telephone
g,shrew
g,bus
g,baby
g,oak_tree
g,shrew
g,willow_tree
g,woman
g,flatfish
g,cloud
g,willow_tree
g,flatfish
g,bottle
g,forest
g,television
g,girl
g,worm
g,mouse
g,castle
g,leopard
g,chimpanzee
g,elephant
g,lobster
g,road
g,bee
g,castle
g,tiger
g,train
g,lion
g,tractor
g,butterfly
g,forest
g,chimpanzee
g,chimpanzee
g,sunflower
g,shark
g,squirrel
g,baby
g,road
g,rabbit
g,rabbit
g,apple
g,forest
g,motorcycle
g,poppy
g,chimpanzee
g,orange
g,mouse
g,willow_tree
g,castle
g,table
g,train
g,kangaroo
g,worm
g,maple_tree
g,house
g,willow_tree
g,forest
g,cockroach
g,tulip
g,train
g,house
g,rocket
g,elephant
g,bus
g,skyscraper
g,rabbit
g,wardrobe
g,aquarium_fish
g,skunk
g,mushroom
g,aquarium_fish
g,man
g,streetcar
g,tulip
g,elephant
g,bowl
g,beaver
g,rabbit
g,snail
g,pear
g,forest
g,spider
g,otter
g,lamp
g,couch
g,snail
g,tank
g,bus
g,rocket
g,motorcycle
g,house
g,woman
g,skunk
g,cockroach
g,seal
g,crab
g,willow_tree
g,bicycle
g,chimpanzee
g,lobster
g,forest
g,dinosaur
g,poppy
g,willow_tree
g,sweet_pepper
g,orange
g,willow_tree
g,television
g,lamp
g,television
g,chair
g,castle
g,willow_tree
g,apple
g,beaver
g,elephant
g,crocodile
g,mountain
g,bottle
g,oak_tree
g,plain
g,pickup_truck
g,chair
g,girl
g,cup
g,flatfish
g,sunflower
g,porcupine
g,pickup_truck
g,pine_tree
g,beetle
g,bed
g,tractor
g,bridge
g,train
g,motorcycle
g,pine_tree
g,orange
g,shrew
g,snail
g,man
g,sea
g,sunflower
g,squirrel
g,chimpanzee
g,girl
g,forest
g,flatfish
g,camel
g,pear
g,raccoon
g,shark
g,baby
g,forest
g,cloud
g,motorcycle
g,camel
g,skyscraper
g,shrew
g,castle
g,telephone
g,table
g,apple
g,baby
g,cloud
g,couch
g,pine_tree
g,motorcycle
g,tiger
g,forest
g,aquarium_fish
g,elephant
g,train
g,sweet_pepper
g,chimpanzee
g,chimpanzee
g,forest
g,tulip
g,plate
g,forest
g,cup
g,beaver
g,poppy
g,shark
g,flatfish
g,house
g,poppy
g,cockroach
g,chimpanzee
g,forest
g,seal
g,hamster
g,dolphin
g,willow_tree
g,bed
g,trout
g,castle
g,sunflower
g,sweet_pepper
g,cup
g,forest
g,keyboard
g,boy
g,orange
g,willow_tree
g,spider
g,orange
g,lawn_mower
g,camel
g,crab
g,castle
g,camel
g,kangaroo
g,poppy
g,keyboard
g,crocodile
g,spider
g,leopard
g,shark
g,streetcar
g,lion
g,mushroom
g,forest
g,poppy
g,bed
g,telephone
g,bed
g,shrew
g,aquarium_fish
g,streetcar
g,maple_tree
g,bed
g,bed
g,worm
g,television
g,streetcar
g,chimpanzee
g,seal
g,palm_tree
g,bed
g,willow_tree
g,lobster
g,whale
g,crocodile
g,caterpillar
g,shrew
g,wolf
g,tulip
g,pear
g,pickup_truck
g,can
g,skyscraper
g,bridge
g,kangaroo
g,flatfish
g,girl
g,snake
g,keyboard
g,crocodile
g,plain
g,skyscraper
g,skunk
g,keyboard
g,television
g,willow_tree
g,motorcycle
g,tulip
g,crocodile
g,can
g,maple_tree
g,maple_tree
g,shrew
g,television
g,possum
g,trout
g,cup
g,whale
g,skyscraper
g,clock
g,porcupine
g,can
g,palm_tree
g,keyboard
g,shrew
g,willow_tree
g,castle
g,boy
g,tank
g,aquarium_fish
g,pickup_truck
g,wolf
g,pear
g,raccoon
g,orange
g,bed
g,rose
g,rocket
g,poppy
g,motorcycle
g,snake
g,dinosaur
g,willow_tree
g,skunk
g,beaver
g,camel
g,woman
g,pine_tree
g,chimpanzee
g,motorcycle
g,shark
g,castle
g,skyscraper
g,woman
g,elephant
g,lawn_mower
g,worm
g,cattle
g,girl
g,dolphin
g,chimpanzee
g,wardrobe
g,orchid
g,dinosaur
g,oak_tree
g,trout
g,castle
g,possum
g,chimpanzee
g,seal
g,orange
g,tulip
g,bear
g,bowl
g,maple_tree
g,worm
g,orange
g,can
g,bed
g,clock
g,chair
g,oak_tree
g,pear
g,rose
g,snail
g,skyscraper
g,rabbit
g,telephone
g,beetle
g,willow_tree
g,palm_tree
g,butterfly
g,orange
g,shrew
g,lobster
g,rose
g,shark
g,bed
g,can
g,castle
g,beaver
g,bottle
g,elephant
g,squirrel
g,castle
g,tractor
g,plate
g,squirrel
g,bridge
g,woman
g,beaver
g,plate
g,shark
g,chimpanzee
g,lizard
g,bear
g,trout
g,lamp
g,beetle
g,skyscraper
g,streetcar
g,skyscraper
g,worm
g,forest
g,dinosaur
g,seal
g,girl
g,bridge
g,shrew
g,palm_tree
g,keyboard
g,crocodile
g,cup
g,bus
g,dolphin
g,otter
g,chair
g,television
g,bed
g,beaver
g,possum
g,butterfly
g,kangaroo
g,raccoon
g,bee
g,castle
g,porcupine
g,pickup_truck
g,chair
g,chimpanzee
g,turtle
g,willow_tree
g,shrew
g,bottle
g,house
g,mountain
g,tulip
g,leopard
g,hamster
g,pickup_truck
g,lamp
g,apple
g,train
g,otter
g,forest
g,skyscraper
g,oak_tree
g,bus
g,snail
g,keyboard
g,elephant
g,bottle
g,bridge
g,bridge
g,orchid
g,trout
g,shark
g,house
g,forest
g,lamp
g,pickup_truck
g,keyboard
g,hamster
g,house
g,porcupine
g,whale
g,seal
g,bus
g,bed
g,baby
g,wardrobe
g,motorcycle
g,porcupine
g,forest
g,dinosaur
g,cloud
g,bowl
g,road
g,raccoon
g,whale
g,forest
g,forest
g,clock
g,maple_tree
g,lamp
g,sunflower
g,keyboard
g,lizard
g,trout
g,worm
g,seal
g,pine_tree
g,lobster
g,oak_tree
g,dolphin
g,rabbit
g,flatfish
g,palm_tree
g,keyboard
g,man
g,skyscraper
g,pear
g,poppy
g,road
g,keyboard
g,bottle
g,orange
g,bed
g,lamp
g,skunk
g,seal
g,skunk
g,lobster
g,train
g,forest
g,cup
g,pickup_truck
g,spider
g,table
g,bee
g,bowl
g,tulip
g,lobster
g,chimpanzee
g,flatfish
g,mountain
g,lizard
g,leopard
g,lizard
g,bottle
g,shark
g,dinosaur
g,television
g,seal
g,shrew
g,shark
g,forest
g,willow_tree
g,kangaroo
g,cup
g,woman
g,mountain
g,trout
g,oak_tree
g,telephone
g,sunflower
g,couch
g,telephone
g,chimpanzee
g,keyboard
g,bus
g,orange
g,palm_tree
g,chair
g,shark
g,motorcycle
g,bowl
g,flatfish
g,spider
g,chair
g,lamp
g,flatfish
g,couch
g,forest
g,tulip
g,elephant
g,lamp
g,rabbit
g,bowl
g,palm_tree
g,rose
g,lizard
g,crab
g,girl
g,cloud
g,house
g,chimpanzee
g,tulip
g,snail
g,porcupine
g,palm_tree
g,elephant
g,chimpanzee
g,seal
g,train
g,otter
g,crocodile
g,chair
g,pine_tree
g,television
g,bridge
g,trout
g,bridge
g,shrew
g,chimpanzee
g,bridge
g,tulip
g,seal
g,turtle
g,lamp
g,television
g,turtle
g,caterpillar
g,seal
g,tank
g,aquarium_fish
g,wardrobe
g,wolf
g,oak_tree
g,crocodile
g,road
g,lamp
g,television
g,bicycle
g,lobster
g,wardrobe
g,couch
g,chair
g,mouse
g,rose
g,road
g,bridge
g,chair
g,aquarium_fish
g,mouse
g,whale
g,maple_tree
g,forest
g,forest
g,whale
g,road
g,clock
g,forest
g,whale
g,bee
g,spider
g,cup
g,lobster
g,tank
g,train
g,bed
g,pear
g,clock
g,shrew
g,worm
g,crocodile
g,apple
g,cup
g,man
g,aquarium_fish
g,otter
g,hamster
g,sunflower
g,dolphin
g,television
g,bowl
g,mountain
g,trout
g,tulip
g,maple_tree
g,shrew
g,kangaroo
g,dinosaur
g,porcupine
g,whale
g,television
g,rabbit
g,cattle
g,forest
g,bridge
g,cup
g,butterfly
g,worm
g,orange
g,crocodile
g,pickup_truck
g,snake
g,forest
g,bus
g,cup
g,chimpanzee
g,maple_tree
g,train
g,tulip
g,plate
g,snake
g,flatfish
g,snake
g,orange
g,man
g,palm_tree
g,snail
g,poppy
g,trout
g,chair
g,shrew
g,clock
g,skyscraper
g,raccoon
g,motorcycle
g,oak_tree
g,chimpanzee
g,chimpanzee
g,beaver
g,skyscraper
g,possum
g,caterpillar
g,forest
g,beaver
g,beaver
g,woman
g,rose
g,orange
g,kangaroo
g,train
g,camel
g,keyboard
g,seal
g,train
g,skyscraper
g,cup
g,poppy
g,cup
g,aquarium_fish
g,wardrobe
g,lobster
g,boy
g,palm_tree
g,orange
g,aquarium_fish
g,maple_tree
g,oak_tree
g,pickup_truck
g,crocodile
g,seal
g,beaver
g,palm_tree
g,chair
g,snail
g,wardrobe
g,palm_tree
g,forest
g,man
g,bottle
g,ray
g,baby
g,rocket
g,whale
g,hamster
g,turtle
g,orange
g,chair
g,whale
g,bowl
g,maple_tree
g,tulip
g,wardrobe
g,forest
g,trout
g,lobster
g,castle
g,raccoon
g,turtle
g,tank
g,poppy
g,orange
g,palm_tree
g,tractor
g,orange
g,bed
g,bee
g,skyscraper
g,snake
g,raccoon
g,man
g,worm
g,sunflower
g,elephant
g,tiger
g,bowl
g,castle
g,can
g,spider
g,otter
g,worm
g,dolphin
g,turtle
g,shrew
g,hamster
g,lamp
g,wardrobe
g,worm
g,house
g,woman
g,aquarium_fish
g,ray
g,man
g,house
g,caterpillar
g,wolf
g,shark
g,girl
g,raccoon
g,can
g,orchid
g,lamp
g,shark
g,train
g,turtle
g,tractor
g,spider
g,spider
g,beetle
g,couch
g,bottle
g,willow_tree
g,sea
g,forest
g,lizard
g,worm
g,turtle
g,hamster
g,mushroom
g,willow_tree
g,wolf
g,skyscraper
g,chair
g,woman
g,bed
g,girl
g,cup
g,worm
g,bed
g,house
g,shrew
g,sea
g,shrew
g,tractor
g,willow_tree
g,chair
g,motorcycle
g,man
g,orange
g,skyscraper
g,seal
g,apple
g,television
g,bed
g,skunk
g,raccoon
g,porcupine
g,apple
g,bottle
g,skunk
g,beaver
g,porcupine
g,porcupine
g,pickup_truck
g,skunk
g,tank
g,tank
g,house
g,shrew
g,elephant
g,willow_tree
g,cockroach
g,snake
g,orange
g,orange
g,aquarium_fish
g,shrew
g,raccoon
g,house
g,cloud
g,willow_tree
g,bottle
g,plain
g,bed
g,plate
g,bee
g,couch
g,plate
g,can
g,chair
g,pine_tree
g,willow_tree
g,kangaroo
g,table
g,man
g,raccoon
g,beaver
g,willow_tree
g,pear
g,tractor
g,seal
g,tulip
g,wardrobe
g,chimpanzee
g,lizard
g,shark
g,cockroach
g,plate
g,can
g,bridge
g,apple
g,motorcycle
g,willow_tree
g,sunflower
g,beaver
g,sweet_pepper
g,tractor
g,road
g,skyscraper
g,orange
g,cockroach
g,keyboard
g,crab
g,pine_tree
g,bicycle
g,table
g,fox
g,pear
g,bridge
g,keyboard
g,castle
g,chimpanzee
g,television
g,bottle
g,sea
g,cup
g,leopard
g,shrew
g,rose
g,cloud
g,sweet_pepper
g,cup
g,chimpanzee
g,bed
g,orange
g,sweet_pepper
g,spider
g,lawn_mower
g,worm
g,road
g,forest
g,elephant
g,raccoon
g,seal
g,crocodile
g,woman
g,kangaroo
g,can
g,otter
g,orange
g,tractor
g,seal
g,bear
g,worm
g,spider
g,sunflower
g,turtle
g,sea
g,maple_tree
g,tulip
g,bridge
g,leopard
g,camel
g,forest
g,bus
g,tank
g,baby
g,rocket
g,cattle
g,maple_tree
g,skyscraper
g,wardrobe
g,whale
g,chair
g,aquarium_fish
g,lizard
g,snail
g,sunflower
g,crocodile
g,pear
g,forest
g,ray
g,pickup_truck
g,pear
g,spider
g,castle
g,bed
g,wardrobe
g,wolf
g,keyboard
g,chair
g,bus
g,spider
g,castle
g,oak_tree
g,train
g,possum
g,snake
g,porcupine
g,woman
g,elephant
g,otter
g,forest
g,bed
g,skyscraper
g,elephant
g,bee
g,mushroom
g,leopard
g,clock
g,cattle
g,tulip
g,rose
g,forest
g,rose
g,pear
g,tractor
g,beaver
g,telephone
g,mountain
g,shark
g,bridge
g,otter
g,porcupine
g,chair
g,mushroom
g,hamster
g,camel
g,worm
g,beaver
g,television
g,possum
g,girl
g,tank
g,chimpanzee
g,kangaroo
g,castle
g,forest
g,bridge
g,elephant
g,can
g,wolf
g,tulip
g,lobster
g,elephant
g,shrew
g,spider
g,squirrel
g,bear
g,cockroach
g,plate
g,orange
g,lizard
g,road
g,oak_tree
g,spider
g,wardrobe
g,shrew
g,keyboard
g,lion
g,leopard
g,forest
g,bed
g,cup
g,willow_tree
g,otter
g,boy
g,forest
g,lamp
g,hamster
g,seal
g,chair
g,bridge
g,orange
g,worm
g,bear
g,road
g,cockroach
g,palm_tree
g,chimpanzee
g,orange
g,oak_tree
g,television
g,girl
g,forest
g,willow_tree
g,castle
g,forest
g,bowl
g,bowl
g,lamp
g,telephone
g,seal
g,tank
g,train
g,whale
g,tank
g,aquarium_fish
g,rose
g,hamster
g,pickup_truck
g,ray
g,aquarium_fish
g,sweet_pepper
g,bowl
g,beaver
g,lawn_mower
g,pickup_truck
g,rocket
g,ray
g,mushroom
g,bee
g,camel
g,cup
g,lion
g,bus
g,sunflower
g,lizard
g,wardrobe
g,ray
g,butterfly
g,hamster
g,bear
g,bottle
g,keyboard
g,lamp
g,raccoon
g,poppy
g,shrew
g,chair
g,lobster
g,raccoon
g,hamster
g,worm
g,castle
g,wardrobe
g,worm
g,trout
g,apple
g,camel
g,shark
g,road
g,crab
g,apple
g,dolphin
g,cockroach
g,bowl
g,crocodile
g,lobster
g,boy
g,cup
g,pickup_truck
g,beaver
g,bus
g,bridge
g,cup
g,spider
g,plate
g,skyscraper
g,lion
g,wardrobe
g,tulip
g,orange
g,shrew
g,tulip
g,television
g,bed
g,skyscraper
g,forest
g,maple_tree
g,man
g,camel
g,hamster
g,tank
g,chair
g,worm
g,chair
g,bed
g,rocket
g,ray
g,oak_tree
g,shrew
g,sea
g,television
g,woman
g,road
g,sunflower
g,kangaroo
g,sweet_pepper
g,crab
g,lobster
g,forest
g,chimpanzee
g,forest
g,telephone
g,chimpanzee
g,keyboard
g,tank
g,cockroach
g,bed
g,wardrobe
g,man
g,apple
g,girl
g,telephone
g,shrew
g,bridge
g,camel
g,tank
g,skyscraper
g,butterfly
g,bottle
g,road
g,elephant
g,seal
g,keyboard
g,bed
g,bridge
g,forest
g,chair
g,shrew
g,chimpanzee
g,tank
g,man
g,seal
g,palm_tree
g,bed
g,whale
g,plain
g,otter
g,poppy
g,bear
g,pine_tree
g,skyscraper
g,camel
g,wardrobe
g,lobster
g,fox
g,clock
g,motorcycle
g,skyscraper
g,shrew
g,whale
g,trout
g,keyboard
g,wardrobe
g,whale
g,palm_tree
g,snail
g,spider
g,skyscraper
g,motorcycle
g,lobster
g,lizard
g,skyscraper
g,train
g,rabbit
g,house
g,tractor
g,bridge
g,dinosaur
g,sunflower
g,pickup_truck
g,otter
g,turtle
g,sweet_pepper
g,tractor
g,apple
g,snail
g,ray
g,bed
g,bed
g,bed
g,apple
g,bowl
g,possum
g,girl
g,man
g,sweet_pepper
g,aquarium_fish
g,keyboard
g,lamp
g,kangaroo
g,poppy
g,aquarium_fish
g,camel
g,train
g,television
g,hamster
g,snail
g,bridge
g,forest
g,bed
g,forest
g,raccoon
g,ray
g,plain
g,porcupine
g,bus
g,trout
g,willow_tree
g,cup
g,porcupine
g,crab
g,bridge
g,bed
g,pine_tree
g,oak_tree
g,worm
g,can
g,cup
g,road
g,cockroach
g,bed
g,forest
g,pine_tree
g,raccoon
g,porcupine
g,maple_tree
g,wolf
g,poppy
g,hamster
g,sweet_pepper
g,keyboard
g,beaver
g,television
g,bridge
g,dolphin
g,bed
g,road
g,tiger
g,train
g,keyboard
g,motorcycle
g,shrew
g,baby
g,castle
g,elephant
g,lamp
g,cockroach
g,bus
g,worm
g,pear
g,baby
g,forest
g,telephone
g,worm
g,pickup_truck
g,orange
g,shrew
g,train
g,squirrel
g,dolphin
g,kangaroo
g,can
g,trout
g,leopard
g,willow_tree
g,aquarium_fish
g,rocket
g,wardrobe
g,chimpanzee
g,motorcycle
g,bridge
g,snail
g,castle
g,sunflower
g,bus
g,chimpanzee
g,seal
g,train
g,tiger
g,girl
g,television
g,seal
g,bed
g,cloud
g,road
g,whale
g,rocket
g,house
g,chimpanzee
g,lamp
g,tulip
g,shrew
g,skyscraper
g,chimpanzee
g,pear
g,possum
g,chimpanzee
g,poppy
g,whale
g,apple
g,lion
g,trout
g,rocket
g,sweet_pepper
g,skyscraper
g,tractor
g,bicycle
g,dolphin
g,sweet_pepper
g,sunflower
g,turtle
g,wardrobe
g,woman
g,bed
g,flatfish
g,beaver
g,man
g,skyscraper
g,bowl
g,chair
g,chair
g,television
g,snail
g,beetle
g,pear
g,apple
g,forest
g,rocket
g,kangaroo
g,television
g,mouse
g,aquarium_fish
g,telephone
g,forest
g,wolf
g,lobster
g,skunk
g,possum
g,raccoon
g,aquarium_fish
g,dinosaur
g,poppy
g,pine_tree
g,tank
g,beetle
g,spider
g,beaver
g,beetle
g,oak_tree
g,castle
g,seal
g,otter
g,seal
g,shark
g,skunk
g,wardrobe
g,plate
g,skyscraper
g,tulip
g,otter
g,couch
g,forest
g,man
g,sunflower
g,seal
g,crocodile
g,poppy
g,shrew
g,ray
g,girl
g,dolphin
g,clock
g,tulip
g,sunflower
g,ray
g,tractor
g,crab
g,orange
g,chimpanzee
g,road
g,wolf
g,chair
g,beetle
g,castle
g,sunflower
g,tulip
g,cattle
g,spider
g,orange
g,butterfly
g,ray
g,possum
g,otter
g,bottle
g,forest
g,keyboard
g,train
g,chair
g,wardrobe
g,dinosaur
g,road
g,girl
g,telephone
g,lion
g,mountain
g,tulip
g,leopard
g,butterfly
g,spider
g,shark
g,poppy
g,lobster
g,plain
g,mountain
g,table
g,crab
g,dinosaur
g,skyscraper
g,forest
g,apple
g,chimpanzee
g,camel
g,forest
g,lamp
g,cup
g,rocket
g,baby
g,tractor
g,caterpillar
g,forest
g,lamp
g,poppy
g,bus
g,plate
g,keyboard
g,whale
g,road
g,shrew
g,lobster
g,cup
g,beaver
g,girl
g,ray
g,chimpanzee
g,tractor
g,dinosaur
g,bottle
g,tank
g,telephone
g,tank
g,streetcar
g,snail
g,pine_tree
g,forest
g,train
g,tulip
g,kangaroo
g,baby
g,willow_tree
g,worm
g,lobster
g,house
g,aquarium_fish
g,dinosaur
g,apple
g,pear
g,orange
g,orange
g,streetcar
g,cup
g,keyboard
g,cloud
g,butterfly
g,wardrobe
g,beaver
g,crocodile
g,forest
g,flatfish
g,streetcar
g,ray
g,whale
g,tiger
g,aquarium_fish
g,bear
g,house
g,couch
g,sunflower
g,bridge
g,tulip
g,television
g,chimpanzee
g,lamp
g,whale
g,couch
g,lobster
g,wardrobe
g,poppy
g,raccoon
g,keyboard
g,bee
g,oak_tree
g,rose
g,camel
g,plate
g,bottle
g,rose
g,girl
g,poppy
g,keyboard
g,forest
g,willow_tree
g,castle
g,bus
g,man
g,camel
g,cup
g,forest
g,plain
g,forest
g,spider
g,can
g,orchid
g,shark
g,tank
g,cockroach
g,orange
g,skyscraper
g,chair
g,television
g,forest
g,chimpanzee
g,shrew
g,bed
g,oak_tree
g,chimpanzee
g,chair
g,lizard
g,shark
g,mountain
g,road
g,castle
g,lizard
g,chimpanzee
g,cup
g,wardrobe
g,rose
g,turtle
g,wardrobe
g,pear
g,worm
g,sea
g,orange
g,forest
g,hamster
g,porcupine
g,plain
g,television
g,rocket
g,seal
g,plate
g,boy
g,willow_tree
g,oak_tree
g,forest
g,bowl
g,chair
g,cockroach
g,apple
g,skunk
g,plain
g,wardrobe
g,forest
g,bottle
g,trout
g,castle
g,shark
g,television
g,possum
g,man
g,worm
g,bottle
g,pear
g,possum
g,keyboard
g,poppy
g,rocket
g,rocket
g,lobster
g,wardrobe
g,rabbit
g,rocket
g,girl
g,chimpanzee
g,bear
g,train
g,apple
g,bridge
g,shrew
g,tank
g,bridge
g,chair
g,apple
g,camel
g,beaver
g,poppy
g,train
g,lizard
g,seal
g,plain
g,elephant
g,seal
g,lobster
g,bee
g,train
g,spider
g,rocket
g,woman
g,castle
g,pear
g,forest
g,bus
g,sweet_pepper
g,trout
g,road
g,whale
g,lamp
g,lamp
g,flatfish
g,crab
g,bee
g,telephone
g,road
g,aquarium_fish
g,forest
g,cockroach
g,snail
g,clock
g,wardrobe
g,beaver
g,shark
g,chair
g,chimpanzee
g,can
g,mountain
g,bridge
g,can
g,castle
g,willow_tree
g,orange
g,willow_tree
g,bed
g,beetle
g,whale
g,willow_tree
g,apple
g,shrew
g,girl
g,turtle
g,beetle
g,shrew
g,kangaroo
g,turtle
g,bus
g,turtle
g,clock
g,shark
g,wardrobe
g,train
g,bed
g,trout
g,chimpanzee
g,cup
g,wardrobe
g,shrew
g,aquarium_fish
g,apple
g,skyscraper
g,castle
g,cup
g,cloud
g,oak_tree
g,chair
g,trout
g,trout
g,wardrobe
g,willow_tree
g,skyscraper
g,can
g,shark
g,elephant
g,keyboard
g,willow_tree
g,snail
g,orange
g,skyscraper
g,palm_tree
g,lobster
g,poppy
g,cloud
g,road
g,bed
g,orange
g,apple
g,squirrel
g,shark
g,bottle
g,cup
g,pickup_truck
g,bed
g,lamp
g,streetcar
g,cup
g,apple
g,hamster
g,ray
g,tractor
g,bridge
g,lamp
g,cup
g,chair
g,flatfish
g,skyscraper
g,tank
g,shark
g,camel
g,aquarium_fish
g,shark
g,pine_tree
g,bed
g,seal
g,hamster
g,lion
g,bed
g,bottle
g,porcupine
g,shrew
g,rose
g,rose
g,tulip
g,orange
g,keyboard
g,plain
g,woman
g,leopard
g,worm
g,baby
g,lawn_mower
g,motorcycle
g,wardrobe
g,worm
g,train
g,tank
g,hamster
g,plain
g,tulip
g,television
g,dolphin
g,man
g,skyscraper
g,forest
g,apple
g,sunflower
g,cloud
g,wardrobe
g,mushroom
g,chimpanzee
g,rose
g,bottle
g,leopard
g,mountain
g,kangaroo
g,pine_tree
g,telephone
g,wardrobe
g,road
g,rocket
g,seal
g,keyboard
g,can
g,sunflower
g,porcupine
g,castle
g,bee
g,pine_tree
g,lamp
g,can
g,plain
g,worm
g,rocket
g,bottle
g,bear
g,motorcycle
g,chair
g,lion
g,aquarium_fish
g,flatfish
g,cockroach
g,cloud
g,television
g,couch
g,otter
g,can
g,wardrobe
g,elephant
g,road
g,cockroach
g,baby
g,trout
g,whale
g,elephant
g,castle
g,seal
g,bridge
g,crocodile
g,worm
g,porcupine
g,tulip
g,sea
g,cloud
g,shrew
g,tulip
g,seal
g,sea
g,tank
g,oak_tree
g,whale
g,telephone
g,shrew
g,chimpanzee
g,house
g,skyscraper
g,keyboard
g,girl
g,road
g,wardrobe
g,baby
g,telephone
g,caterpillar
g,shrew
g,forest
g,bridge
g,motorcycle
g,orange
g,mouse
g,raccoon
g,road
g,chair
g,television
g,girl
g,cup
g,television
g,ray
g,snail
g,cloud
g,cockroach
g,chimpanzee
g,aquarium_fish
g,cup
g,bear
g,seal
g,worm
g,television
g,skyscraper
g,bowl
g,cockroach
g,otter
g,porcupine
g,road
g,sea
g,bed
g,man
g,aquarium_fish
g,wardrobe
g,bed
g,mushroom
g,can
g,baby
g,girl
g,cup
g,spider
g,road
g,shark
g,aquarium_fish
g,mouse
g,pine_tree
g,willow_tree
g,shark
g,wolf
g,bear
g,cloud
g,whale
g,rocket
g,chimpanzee
g,table
g,turtle
g,worm
g,trout
g,can
g,keyboard
g,bottle
g,girl
g,whale
g,bowl
g,mountain
g,kangaroo
g,spider
g,lizard
g,cup
g,elephant
g,tank
g,trout
g,man
g,road
g,cloud
g,cattle
g,shark
g,wolf
g,rocket
g,skyscraper
g,shrew
g,lizard
g,chimpanzee
g,can
g,pickup_truck
g,bottle
g,sea
g,cockroach
g,oak_tree
g,otter
g,shrew
g,cloud
g,poppy
g,skyscraper
g,orange
g,lobster
g,poppy
g,keyboard
g,spider
g,seal
g,palm_tree
g,wardrobe
g,tulip
g,otter
g,chair
g,seal
g,cup
g,plate
g,bottle
g,camel
g,trout
g,tractor
g,motorcycle
g,orange
g,rocket
g,chair
g,elephant
g,cup
g,palm_tree
g,baby
g,lawn_mower
g,orange
g,castle
g,chimpanzee
g,girl
g,bowl
g,clock
g,lamp
g,woman
g,camel
g,lizard
g,turtle
g,bed
g,beetle
g,couch
g,cup
g,lamp
g,keyboard
g,lamp
g,girl
g,seal
g,forest
g,apple
g,castle
g,plain
g,girl
g,cup
g,lizard
g,raccoon
g,bridge
g,otter
g,ray
g,shrew
g,otter
g,leopard
g,baby
g,skyscraper
g,bridge
g,sweet_pepper
g,trout
g,snail
g,chimpanzee
g,possum
g,lion
g,bottle
g,poppy
g,plain
g,mountain
g,dolphin
g,rabbit
g,cloud
g,castle
g,girl
g,telephone
g,ray
g,spider
g,apple
g,tractor
g,road
g,orange
g,clock
g,can
g,forest
g,mouse
g,can
g,plain
g,lobster
g,tank
g,orange
g,pickup_truck
g,television
g,crab
g,turtle
g,bowl
g,apple
g,crocodile
g,sunflower
g,shark
g,can
g,trout
g,mushroom
g,plain
g,sweet_pepper
g,shrew
g,turtle
g,lamp
g,lobster
g,sunflower
g,skyscraper
g,kangaroo
g,cup
g,wardrobe
g,sunflower
g,forest
g,cloud
g,skyscraper
g,pear
g,camel
g,spider
g,wardrobe
g,rose
g,chair
g,flatfish
g,willow_tree
g,sunflower
g,bed
g,lizard
g,orange
g,bed
g,rocket
g,forest
g,orange
g,cattle
g,streetcar
g,wardrobe
g,streetcar
g,dinosaur
g,bridge
g,bed
g,lobster
g,girl
g,chair
g,shark
g,plate
g,castle
g,chair
g,chimpanzee
g,apple
g,leopard
g,apple
g,poppy
g,orange
g,dinosaur
g,baby
g,tractor
g,cloud
g,turtle
g,sweet_pepper
g,elephant
g,bus
g,beetle
g,wolf
g,keyboard
g,spider
g,lion
g,snake
g,spider
g,elephant
g,aquarium_fish
g,bowl
g,hamster
g,aquarium_fish
g,forest
g,plate
g,woman
g,chair
g,chair
g,snail
g,kangaroo
g,bridge
g,trout
g,motorcycle
g,woman
g,chimpanzee
g,shrew
g,bridge
g,plate
g,skyscraper
g,lamp
g,trout
g,telephone
g,worm
g,baby
g,house
g,willow_tree
g,seal
g,ray
g,plate
g,bee
g,forest
g,elephant
g,snake
g,bed
g,turtle
g,worm
g,dinosaur
g,orange
g,keyboard
g,shark
g,bottle
g,train
g,shark
g,bed
g,bed
g,aquarium_fish
g,lobster
g,forest
g,bridge
g,tank
g,television
g,wolf
g,shark
g,raccoon
g,motorcycle
g,crab
g,table
g,mushroom
g,girl
g,cloud
g,man
g,wolf
g,bottle
g,flatfish
g,mushroom
g,crab
g,clock
g,can
g,mountain
g,lamp
g,sweet_pepper
g,cup
g,sea
g,bowl
g,apple
g,otter
g,palm_tree
g,plain
g,plate
g,bottle
g,dinosaur
g,orchid
g,trout
g,cloud
g,ray
g,tulip
g,chair
g,worm
g,chair
g,keyboard
g,lamp
g,oak_tree
g,pickup_truck
g,otter
g,worm
g,road
g,girl
g,crab
g,flatfish
g,can
g,chair
g,sunflower
g,woman
g,skyscraper
g,sea
g,plate
g,seal
g,ray
g,palm_tree
g,skyscraper
g,tulip
g,pine_tree
g,cloud
g,train
g,bridge
g,wardrobe
g,bridge
g,hamster
g,sweet_pepper
g,skyscraper
g,castle
g,trout
g,wardrobe
g,dinosaur
g,bottle
g,lawn_mower
g,dolphin
g,cockroach
g,dinosaur
g,pickup_truck
g,orange
g,cloud
g,telephone
g,girl
g,cup
g,apple
g,wardrobe
g,train
g,table
g,skyscraper
g,kangaroo
g,skyscraper
g,ray
g,mouse
g,man
g,camel
g,aquarium_fish
g,sweet_pepper
g,dinosaur
g,cup
g,worm
g,hamster
g,skyscraper
g,road
g,forest
g,pear
g,train
g,bowl
g,worm
g,tulip
g,bottle
g,otter
g,road
g,kangaroo
g,forest
g,rocket
g,keyboard
g,orange
g,spider
g,bridge
g,clock
g,tank
g,bottle
g,elephant
g,bowl
g,telephone
g,shark
g,cup
g,rocket
g,bridge
g,telephone
g,train
g,lamp
g,whale
g,couch
g,man
g,shark
g,plain
g,lamp
g,cloud
g,orange
g,rose
g,road
g,bottle
g,mountain
g,bowl
g,skyscraper
g,crab
g,worm
g,seal
g,tractor
g,turtle
g,chimpanzee
g,mouse
g,turtle
g,man
g,trout
g,skyscraper
g,road
g,willow_tree
g,crab
g,bridge
g,orange
g,bowl
g,cup
g,boy
g,pear
g,dinosaur
g,chair
g,shark
g,ray
g,bridge
g,crocodile
g,can
g,seal
g,girl
g,bus
g,table
g,cup
g,telephone
g,caterpillar
g,rocket
g,forest
g,shark
g,rose
g,wardrobe
g,chair
g,shark
g,girl
g,chair
g,shrew
g,castle
g,camel
g,bottle
g,cup
g,bridge
g,chair
g,forest
g,road
g,sweet_pepper
g,cup
g,skyscraper
g,forest
g,plain
g,man
g,butterfly
g,forest
g,bridge
g,palm_tree
g,castle
g,girl
g,skunk
g,shark
g,orange
g,poppy
g,cup
g,cloud
g,bee
g,bowl
g,dolphin
g,snail
g,sweet_pepper
g,elephant
g,trout
g,telephone
g,palm_tree
g,chimpanzee
g,cup
g,shrew
g,chimpanzee
g,rocket
g,lamp
g,skyscraper
g,plain
g,bed
g,wardrobe
g,otter
g,rocket
g,snail
g,lion
g,trout
g,television
g,lizard
g,orange
g,can
g,seal
g,cattle
g,otter
g,apple
g,palm_tree
g,tank
g,chair
g,cloud
g,cockroach
g,tulip
g,keyboard
g,forest
g,mountain
g,sea
g,butterfly
g,tulip
g,bottle
g,otter
g,ray
g,bridge
g,cockroach
g,cup
g,apple
g,pear
g,spider
g,shrew
g,pickup_truck
g,plain
g,possum
g,streetcar
g,shark
g,keyboard
g,shark
g,shark
g,cup
g,poppy
g,baby
g,rocket
g,sea
g,forest
g,bowl
g,shrew
g,pine_tree
g,skyscraper
g,man
g,wardrobe
g,beaver
g,ray
g,tiger
g,ray
g,lamp
g,pear
g,tank
g,dinosaur
g,road
g,skyscraper
g,clock
g,tractor
g,spider
g,skyscraper
g,forest
g,chair
g,mountain
g,wolf
g,cockroach
g,bridge
g,skyscraper
g,wardrobe
g,whale
g,cup
g,skyscraper
g,turtle
g,bus
g,forest
g,chair
g,beetle
g,sea
g,keyboard
g,lobster
g,butterfly
g,skyscraper
g,can
g,lobster
g,skyscraper
g,flatfish
g,bridge
g,bowl
g,turtle
g,road
g,castle
g,sea
g,cloud
g,whale
g,bed
g,seal
g,cup
g,girl
g,telephone
g,shrew
g,woman
g,bridge
g,chimpanzee
g,clock
g,forest
g,sunflower
g,bottle
g,telephone
g,turtle
g,clock
g,sunflower
g,mouse
g,plain
g,bus
g,poppy
g,bed
g,bridge
g,beetle
g,aquarium_fish
g,pear
g,keyboard
g,chair
g,raccoon
g,baby
g,shrew
g,bottle
g,elephant
g,kangaroo
g,aquarium_fish
g,skunk
g,shrew
g,telephone
g,bottle
g,castle
g,lawn_mower
g,bridge
g,boy
g,woman
g,cup
g,cloud
g,lizard
g,turtle
g,orange
g,can
g,worm
g,hamster
g,bridge
g,lawn_mower
g,orange
g,forest
g,snail
g,rocket
g,fox
g,snake
g,pine_tree
g,castle
g,beetle
g,wolf
g,orange
g,woman
g,rose
g,bus
g,cup
g,snake
g,cup
g,shark
g,road
g,cup
g,lobster
g,sunflower
g,girl
g,plain
g,lobster
g,apple
g,aquarium_fish
g,sea
g,road
g,road
g,bed
g,beetle
g,wardrobe
g,tractor
g,apple
g,wardrobe
g,sweet_pepper
g,bowl
g,spider
g,whale
g,television
g,chimpanzee
g,cockroach
g,wardrobe
g,snail
g,television
g,chimpanzee
g,bed
g,beetle
g,bed
g,chimpanzee
g,bottle
g,plate
g,bus
g,train
g,plain
g,squirrel
g,cockroach
g,pear
g,maple_tree
g,lawn_mower
g,turtle
g,lamp
g,keyboard
g,otter
g,chimpanzee
g,television
g,forest
g,maple_tree
g,clock
g,ray
g,bottle
g,ray
g,bridge
g,cockroach
g,bed
g,apple
g,bed
g,rocket
g,cockroach
g,train
g,crab
g,shrew
g,forest
g,shrew
g,forest
g,bed
g,dinosaur
g,ray
g,shark
g,plate
g,cloud
g,forest
g,man
g,skunk
g,plain
g,porcupine
g,apple
g,cockroach
g,wardrobe
g,motorcycle
g,pine_tree
g,camel
g,lawn_mower
g,cup
g,road
g,woman
g,bottle
g,road
g,girl
g,palm_tree
g,forest
g,forest
g,dolphin
g,chimpanzee
g,cockroach
g,worm
g,baby
g,cloud
g,willow_tree
g,tiger
g,poppy
g,shrew
g,shark
g,forest
g,sunflower
g,chair
g,wardrobe
g,castle
g,chimpanzee
g,ray
g,turtle
g,bowl
g,lamp
g,couch
g,wardrobe
g,whale
g,rocket
g,skunk
g,shrew
g,forest
g,shrew
g,whale
g,wardrobe
g,rose
g,road
g,squirrel
g,bottle
g,man
g,shrew
g,flatfish
g,bowl
g,cloud
g,plain
g,snail
g,keyboard
g,cockroach
g,plate
g,motorcycle
g,bed
g,crab
g,motorcycle
g,tank
g,squirrel
g,keyboard
g,chimpanzee
g,bus
g,seal
g,beetle
g,poppy
g,apple
g,apple
g,apple
g,television
g,road
g,crocodile
g,leopard
g,road
g,bottle
g,cup
g,cup
g,whale
g,cockroach
g,seal
g,chimpanzee
g,girl
g,pear
g,wardrobe
g,orange
g,crab
g,bridge
g,bed
g,pear
g,porcupine
g,worm
g,poppy
g,cup
g,shark
g,plain
g,crocodile
g,forest
g,plate
g,orange
g,wardrobe
g,table
g,man
g,cloud
g,bottle
g,shrew
g,worm
g,boy
g,elephant
g,palm_tree
g,can
g,wardrobe
g,apple
g,chair
g,wardrobe
g,mountain
g,elephant
g,chair
g,shark
g,shrew
g,bottle
g,wardrobe
g,wardrobe
g,rose
g,cup
g,skunk
g,bee
g,turtle
g,sunflower
g,orange
g,cloud
g,worm
g,skyscraper
g,skyscraper
g,plain
g,wardrobe
g,cup
g,shrew
g,cockroach
g,mountain
g,chair
g,snail
g,pear
g,keyboard
g,pear
g,spider
g,bottle
g,ray
g,wardrobe
g,lawn_mower
g,trout
g,plate
g,poppy
g,plain
g,mountain
g,bottle
g,girl
g,sunflower
g,bottle
g,motorcycle
g,streetcar
g,plain
g,castle
g,bear
g,lamp
g,maple_tree
g,orange
g,forest
g,rocket
g,cup
g,leopard
g,boy
g,lobster
g,plain
g,baby
g,leopard
g,whale
g,forest
g,rabbit
g,bottle
g,elephant
g,sea
g,turtle
g,bear
g,otter
g,bridge
g,sweet_pepper
g,sea
g,chair
g,cup
g,sweet_pepper
g,cup
g,castle
g,cloud
g,whale
g,camel
g,shark
g,cloud
g,dinosaur
g,cloud
g,ray
g,orange
g,kangaroo
g,shrew
g,raccoon
g,ray
g,snake
g,rocket
g,chair
g,girl
g,plain
g,cup
g,bottle
g,bowl
g,train
g,bridge
g,man
g,willow_tree
g,pear
g,skyscraper
g,pickup_truck
g,cup
g,cup
g,forest
g,road
g,orange
g,road
g,television
g,worm
g,apple
g,tank
g,train
g,road
g,road
g,forest
g,willow_tree
g,apple
g,chair
g,bowl
g,house
g,porcupine
g,bridge
g,cup
g,plate
g,chair
g,mouse
g,apple
g,road
g,keyboard
g,mountain
g,caterpillar
g,tulip
g,forest
g,elephant
g,sea
g,rocket
g,telephone
g,snake
g,bed
g,bus
g,cloud
g,cup
g,spider
g,bottle
g,cup
g,lawn_mower
g,turtle
g,worm
g,cup
g,forest
g,lawn_mower
g,cockroach
g,house
g,chair
g,bridge
g,crab
g,bowl
g,skyscraper
g,woman
g,motorcycle
g,telephone
g,bee
g,skyscraper
g,sunflower
g,plain
g,couch
g,bridge
g,cup
g,plain
g,wolf
g,seal
g,forest
g,chair
g,orchid
g,lobster
g,motorcycle
g,rocket
g,bridge
g,rose
g,plate
g,lobster
g,snail
g,chair
g,sea
g,baby
g,otter
g,lizard
g,lawn_mower
g,man
g,rocket
g,forest
g,television
g,cloud
g,poppy
g,table
g,cup
g,wardrobe
g,possum
g,television
g,chair
g,pear
g,shark
g,rocket
g,cockroach
g,wolf
g,keyboard
g,dinosaur
g,keyboard
g,keyboard
g,shark
g,bus
g,wardrobe
g,lamp
g,keyboard
g,bridge
g,shark
g,bus
g,chimpanzee
g,turtle
g,chair
g,wardrobe
g,bottle
g,can
g,chair
g,willow_tree
g,crocodile
g,girl
g,mountain
g,chair
g,lizard
g,bridge
g,ray
g,lamp
g,plate
g,chimpanzee
g,forest
g,plain
g,lamp
g,man
g,porcupine
g,telephone
g,cockroach
g,lawn_mower
g,cloud
g,willow_tree
g,plain
g,willow_tree
g,shark
g,table
g,forest
g,bridge
g,woman
g,lawn_mower
g,cup
g,wardrobe
g,girl
g,spider
g,forest
g,otter
g,plain
g,turtle
g,leopard
g,cloud
g,shrew
g,chimpanzee
g,road
g,willow_tree
g,bottle
g,plain
g,lizard
g,wardrobe
g,sunflower
g,television
g,spider
g,plain
g,mountain
g,plain
g,keyboard
g,sea
g,chair
g,telephone
g,chimpanzee
g,castle
g,motorcycle
g,wardrobe
g,crocodile
g,castle
g,elephant
g,dinosaur
g,pear
g,bottle
g,mountain
g,willow_tree
g,man
g,lawn_mower
g,castle
g,seal
g,can
g,otter
g,castle
g,couch
g,spider
g,television
g,can
g,trout
g,cockroach
g,man
g,forest
g,beaver
g,lobster
g,dinosaur
g,wardrobe
g,bottle
g,whale
g,pear
g,plain
g,sea
g,cloud
g,bottle
g,snail
g,maple_tree
g,plain
g,plate
g,mountain
g,maple_tree
g,forest
g,bottle
g,lion
g,motorcycle
g,plain
g,road
g,pickup_truck
g,sweet_pepper
g,lawn_mower
g,shrew
g,chair
g,cloud
g,sea
g,forest
g,sea
g,streetcar
g,palm_tree
g,cup
g,orange
g,bridge
g,chair
g,chimpanzee
g,tank
g,road
g,chimpanzee
g,lamp
g,cloud
g,chair
g,beaver
g,chimpanzee
g,lamp
g,skyscraper
g,cockroach
g,shark
g,raccoon
g,couch
g,plate
g,plain
g,orange
g,skyscraper
g,skyscraper
g,road
g,can
g,television
g,apple
g,television
g,road
g,boy
g,lawn_mower
g,bottle
g,cockroach
g,orange
g,beetle
g,oak_tree
g,cup
g,chimpanzee
g,lawn_mower
g,willow_tree
g,television
g,plain
g,plate
g,worm
g,crab
g,clock
g,bridge
g,bridge
g,shark
g,keyboard
g,girl
g,television
g,poppy
g,bottle
g,bottle
g,woman
g,lawn_mower
g,lawn_mower
g,plain
g,apple
g,shrew
g,cloud
g,shrew
g,rocket
g,skyscraper
g,cloud
g,bowl
g,woman
g,kangaroo
g,chair
g,chair
g,forest
g,ray
g,otter
g,mouse
g,lamp
g,can
g,seal
g,cup
g,bottle
g,train
g,forest
g,lawn_mower
g,ray
g,television
g,skyscraper
g,can
g,otter
g,apple
g,aquarium_fish
g,otter
g,willow_tree
g,bridge
g,chair
g,lamp
g,cockroach
g,cockroach
g,plain
g,lawn_mower
g,plate
g,bridge
g,rocket
g,mouse
g,skyscraper
g,hamster
g,cloud
g,squirrel
g,man
g,road
g,bed
g,man
g,shrew
g,sunflower
g,shark
g,sweet_pepper
g,can
g,girl
g,lobster
g,skyscraper
g,skyscraper
g,possum
g,can
g,bottle
g,plain
g,apple
g,whale
g,can
g,plain
g,pickup_truck
g,bridge
g,woman
g,bowl
g,bus
g,forest
g,bicycle
g,porcupine
g,bottle
g,cloud
g,sweet_pepper
g,can
g,cup
g,shrew
g,apple
g,dinosaur
g,keyboard
g,mountain
g,butterfly
g,lamp
g,cloud
g,plain
g,pear
g,can
g,chair
g,man
g,plain
g,pear
g,cloud
g,television
g,cockroach
g,pear
g,forest
g,keyboard
g,keyboard
g,cup
g,plain
g,baby
g,plate
g,plate
g,can
g,beaver
g,ray
g,tank
g,bottle
g,woman
g,wardrobe
g,can
g,cockroach
g,plain
g,bottle
g,bridge
g,crab
g,beetle
g,wardrobe
g,mountain
g,keyboard
g,lawn_mower
g,shrew
g,tulip
g,castle
g,table
g,chair
g,wardrobe
g,bed
g,telephone
g,ray
g,road
g,ray
g,spider
g,willow_tree
g,beetle
g,skyscraper
g,cup
g,whale
g,sea
g,lamp
g,keyboard
g,lawn_mower
g,dinosaur
g,television
g,mouse
g,pickup_truck
g,plate
g,forest
g,motorcycle
g,cup
g,possum
g,bridge
g,rocket
g,shark
g,woman
g,sea
g,wardrobe
g,tank
g,worm
g,shark
g,plain
g,shark
g,castle
g,cloud
g,plain
g,bottle
g,plain
g,sea
g,cockroach
g,forest
g,rocket
g,shark
g,cloud
g,bridge
g,seal
g,ray
g,skyscraper
g,lamp
g,keyboard
g,apple
g,squirrel
g,orange
g,keyboard
g,dinosaur
g,lamp
g,baby
g,spider
g,beetle
g,table
g,plain
g,keyboard
g,spider
g,ray
g,cup
g,wardrobe
g,cup
g,couch
g,telephone
g,otter
g,plain
g,chair
g,bottle
g,lawn_mower
g,chair
g,cloud
g,skyscraper
g,wardrobe
g,rocket
g,cup
g,cloud
g,mushroom
g,plain
g,pear
g,cockroach
g,skyscraper
g,seal
g,man
g,chair
g,sweet_pepper
g,plain
g,keyboard
g,lawn_mower
g,can
g,lawn_mower
g,cup
g,ray
g,lizard
g,mountain
g,can
g,shark
g,beetle
g,cup
g,worm
g,lawn_mower
g,cup
g,chimpanzee
g,man
g,whale
g,lamp
g,keyboard
g,chair
g,tulip
g,road
g,can
g,beetle
g,bicycle
g,forest
g,can
g,plain
g,lizard
g,cloud
g,rocket
g,wardrobe
g,shrew
g,aquarium_fish
g,chair
g,spider
g,bridge
g,worm
g,aquarium_fish
g,cloud
g,cup
g,skyscraper
g,can
g,television
g,tulip
g,cloud
g,maple_tree
g,chair
g,shark
g,plate
g,shark
g,sea
g,worm
g,cockroach
g,rocket
g,bear
g,poppy
g,cockroach
g,bridge
g,cup
g,lamp
g,squirrel
g,bridge
g,cockroach
g,ray
g,cockroach
g,cup
g,can
g,cloud
g,orange
g,road
g,mountain
g,chair
g,cockroach
g,cup
g,lamp
g,bridge
g,pear
g,seal
g,shark
g,shark
g,sea
g,bowl
g,cockroach
g,shrew
g,bottle
g,plate
g,can
g,tank
g,skyscraper
g,wardrobe
g,wardrobe
g,bottle
g,bottle
g,bowl
g,mountain
g,shark
g,cup
g,hamster
g,lamp
g,television
g,shark
g,apple
g,sea
g,shark
g,dinosaur
g,shark
g,cup
g,forest
g,crocodile
g,plain
g,crab
g,telephone
g,sea
g,cockroach
g,snail
g,crocodile
g,beetle
g,pickup_truck
g,plain
g,wardrobe
g,hamster
g,wolf
g,cloud
g,sea
g,woman
g,spider
g,beetle
g,bridge
g,sweet_pepper
g,cockroach
g,lion
g,cup
g,turtle
g,cloud
g,worm
g,willow_tree
g,road
g,mountain
g,plain
g,road
g,pear
g,forest
g,bus
g,spider
g,spider
g,cup
g,ray
g,cup
g,keyboard
g,sea
g,telephone
g,shrew
g,rocket
g,shark
g,wardrobe
g,shark
g,shark
g,bridge
g,television
g,lion
g,cloud
g,shark
g,dinosaur
g,pear
g,tank
g,plain
g,keyboard
g,wardrobe
g,cloud
g,pear
g,cup
g,plain
g,worm
g,bed
g,bridge
g,lamp
g,spider
g,motorcycle
g,girl
g,apple
g,bottle
g,plain
g,cup
g,plate
g,shark
g,chair
g,trout
g,palm_tree
g,shrew
g,bottle
g,lawn_mower
g,aquarium_fish
g,chair
g,chair
g,plain
g,plain
g,raccoon
g,lobster
g,bus
g,sea
g,bottle
g,seal
g,bridge
g,forest
g,skyscraper
g,cockroach
g,wardrobe
g,willow_tree
g,lawn_mower
g,television
g,lawn_mower
g,shrew
g,bed
g,plain
g,television
g,plain
g,sea
g,road
g,plain
g,raccoon
g,bridge
g,woman
g,cockroach
g,orange
g,road
g,cup
g,motorcycle
g,bee
g,rocket
g,aquarium_fish
g,bridge
g,can
g,wardrobe
g,crab
g,lamp
g,keyboard
g,cloud
g,television
g,chair
g,aquarium_fish
g,bed
g,bridge
g,cockroach
g,hamster
g,forest
g,kangaroo
g,bottle
g,shark
g,cockroach
g,lion
g,cockroach
g,lawn_mower
g,cockroach
g,shark
g,cockroach
g,shark
g,lamp
g,rocket
g,pear
g,sweet_pepper
g,cattle
g,elephant
g,ray
g,tank
g,forest
g,keyboard
g,cup
g,crocodile
g,cloud
g,poppy
g,cloud
g,road
g,shark
g,bottle
g,forest
g,worm
g,wardrobe
g,crab
g,tank
g,bridge
g,motorcycle
g,television
g,lawn_mower
g,streetcar
g,chair
g,cup
g,wardrobe
g,shrew
g,bottle
g,lawn_mower
g,can
g,cloud
g,wardrobe
g,sea
g,beetle
g,aquarium_fish
g,cup
g,castle
g,chair
g,cloud
g,sea
g,bridge
g,lamp
g,rocket
g,cup
g,pear
g,lamp
g,television
g,cloud
g,tiger
g,bottle
g,skyscraper
g,lamp
g,bear
g,spider
g,sea
g,worm
g,rocket
g,motorcycle
g,cloud
g,dinosaur
g,road
g,lobster
g,chair
g,forest
g,aquarium_fish
g,tank
g,television
g,skyscraper
g,plain
g,cloud
g,shark
g,shark
g,bed
g,cup
g,cup
g,dinosaur
g,spider
g,bridge
g,forest
g,plain
g,orange
g,cup
g,television
g,can
g,chair
g,cockroach
g,bowl
g,cloud
g,cloud
g,apple
g,cockroach
g,bridge
g,cockroach
g,apple
g,lawn_mower
g,pear
g,lamp
g,bottle
g,worm
g,lamp
g,plain
g,keyboard
g,table
g,dinosaur
g,sweet_pepper
g,dinosaur
g,tulip
g,rocket
g,pear
g,plain
g,plain
g,sea
g,crab
g,can
g,spider
g,cup
g,plain
g,telephone
g,rocket
g,worm
g,cloud
g,rocket
g,cup
g,plain
g,cockroach
g,worm
g,baby
g,plain
g,bridge
g,road
g,seal
g,chair
g,tulip
g,cup
g,lawn_mower
g,cup
g,trout
g,rocket
g,plain
g,cup
g,chair
g,ray
g,rocket
g,sunflower
g,can
g,rocket
g,raccoon
g,cloud
g,ray
g,plain
g,dolphin
g,spider
g,bed
g,bear
g,chair
g,oak_tree
g,skyscraper
g,crab
g,sea
g,bridge
g,cockroach
g,wardrobe
g,shark
g,trout
g,girl
g,pickup_truck
g,chair
g,lamp
g,mountain
g,plain
g,cup
g,sea
g,plain
g,lawn_mower
g,sea
g,television
g,sea
g,bottle
g,plain
g,cloud
g,spider
g,lamp
g,keyboard
g,lawn_mower
g,sunflower
g,clock
g,television
g,television
g,bridge
g,beetle
g,plate
g,trout
g,forest
g,keyboard
g,telephone
g,sea
g,rocket
g,television
g,cloud
g,keyboard
g,mushroom
g,whale
g,chair
g,chair
g,man
g,seal
g,road
g,skyscraper
g,rocket
g,sea
g,cloud
g,turtle
g,whale
g,rocket
g,lawn_mower
g,skyscraper
g,cockroach
g,cloud
g,camel
g,forest
g,chair
g,cockroach
g,bus
g,worm
g,telephone
g,cockroach
g,can
g,cloud
g,cup
g,lamp
g,bowl
g,plain
g,couch
g,hamster
g,cup
g,lawn_mower
g,cup
g,bowl
g,worm
g,cup
g,sea
g,rocket
g,cockroach
g,cockroach
g,plate
g,skyscraper
g,cockroach
g,palm_tree
g,lawn_mower
g,cup
g,crocodile
g,spider
g,lawn_mower
g,cockroach
g,cup
g,trout
g,forest
g,man
g,cloud
g,telephone
g,cockroach
g,chair
g,cup
g,plain
g,lamp
g,bridge
g,worm
g,bottle
g,mouse
g,cup
g,chair
g,cockroach
g,worm
g,couch
g,lawn_mower
g,cloud
g,can
g,cloud
g,can
g,television
g,mouse
g,table
g,worm
g,crab
g,bottle
g,plain
g,sea
g,chair
g,beetle
g,keyboard
g,lawn_mower
g,sea
g,plain
g,worm
g,chair
g,bowl
g,cup
g,worm
g,cockroach
g,plain
g,rocket
g,plain
g,bottle
g,cockroach
g,lamp
g,chair
g,wardrobe
g,shark
g,cup
g,cloud
g,plain
g,pear
g,cloud
g,seal
g,trout
g,crab
g,worm
g,whale
g,shrew
g,rocket
g,cup
g,lobster
g,cup
g,couch
g,couch
g,man
g,chair
g,cup
g,shark
g,trout
g,cloud
g,shark
g,seal
g,plain
g,television
g,lawn_mower
g,bottle
g,cockroach
g,wardrobe
g,forest
g,keyboard
g,cockroach
g,keyboard
g,cloud
g,orange
g,clock
g,cockroach
g,woman
g,keyboard
g,telephone
g,sea
g,cup
g,otter
g,television
g,cup
g,trout
g,cloud
g,cloud
g,cup
g,shrew
g,cockroach
g,pear
g,worm
g,cup
g,road
g,sea
g,wardrobe
g,sea
g,cup
g,cockroach
g,cloud
g,cup
g,flatfish
g,ray
g,worm
g,bottle
g,cup
g,lawn_mower
g,cup
g,television
g,cloud
g,pear
g,dolphin
g,crab
g,cockroach
g,cockroach
g,cloud
g,forest
g,chair
g,bottle
g,worm
g,sea
g,cockroach
g,bottle
g,bottle
g,cockroach
g,cloud
g,cloud
g,lamp
g,spider
g,shark
g,chair
g,sea
g,plate
g,cup
g,keyboard
g,bottle
g,plate
g,keyboard
g,bottle
g,bottle
g,plate
g,bottle
g,cockroach
g,telephone
